pitcher,pitcher_name,year,pitch_hand,n_pitches,team_id,ball_angle,relative_release_ball_x,release_ball_z,relative_shoulder_x,shoulder_z
669952,"White, Mitch",2024,R,413,158,41,-1.723504428,6.002529525,0.044594661,4.467224839
680704,"Sandlin, Nick",2024,R,1003,114,12,-2.490515036,4.490090015,-0.472748945,4.068595092
642048,"Saucedo, Tayler",2024,L,626,136,22,2.585825786,5.267092796,0.311544676,4.352501
579328,"Kikuchi, Yusei",2024,L,2923,117,42,1.650527999,5.426773323,0.047283307,3.99078751
656641,"Latz, Jacob",2024,L,813,140,51,1.164573915,5.936046782,-0.273328121,4.187472352
681217,"Silseth, Chase",2024,R,167,108,33,-2.018554237,5.895949747,-0.11420435,4.636639085
641793,"Littell, Zack",2024,R,2467,139,42,-1.937018521,6.145892589,-0.235512397,4.63821208
663554,"Mize, Casey",2024,R,1788,116,43,-1.662294234,5.647905894,-0.075586783,4.15271992
668674,"Erceg, Lucas",2024,R,979,118,42,-1.603273837,6.017103942,0.114456486,4.444287908
685314,"Saalfrank, Andrew",2024,L,26,109,48,1.515122055,6.246068504,-0.071725195,4.465498036
687362,"Gillispie, Connor",2024,R,138,114,39,-2.157761376,5.356551985,-0.37749695,3.938687333
573186,"Stroman, Marcus",2024,R,2580,147,33,-1.920326374,5.226214485,-0.18848171,4.12137427
682243,"Miller, Bryce",2024,R,2749,136,43,-1.584259321,5.567888834,0.166101783,3.931086294
668676,"Plesac, Zach",2024,R,208,108,57,-0.977157282,6.310690819,0.299837543,4.370700423
673540,"Senga, Kodai",2024,R,73,121,44,-1.518439918,5.849660162,0.078965249,4.289396409
641540,"Dunning, Dane",2024,R,1689,140,38,-1.894270764,5.411309624,-0.066122744,3.968746011
668933,"Ashcraft, Graham",2024,R,1342,113,49,-1.454091799,6.296629317,0.111876235,4.494224668
607237,"Garrett, Amir",2024,L,104,108,40,1.90786036,6.028820074,0.05426325,4.478635015
624133,"Suárez, Ranger",2024,L,2265,143,42,1.707449881,5.845603731,0.00050857,4.31929015
668678,"Gallen, Zac",2024,R,2506,109,41,-1.492412603,5.85917613,0.108131963,4.456933897
543238,"Gose, Anthony",2024,L,79,114,48,1.342067731,5.688458745,-0.111591222,4.081074027
676614,"Sammons, Bryan",2024,L,374,116,34,2.172287715,5.530299565,0.193056539,4.200147065
692230,"Rodriguez, Carlos",2024,R,233,158,34,-1.941250794,5.676508383,-0.150298203,4.447346981
663559,"Falter, Bailey",2024,L,2138,134,56,0.869068214,5.781541741,-0.327409232,4.007623373
605447,"Romano, Jordan",2024,R,215,141,50,-1.332819328,6.060119643,0.172162217,4.24864442
808967,"Yamamoto, Yoshinobu",2024,R,1421,119,46,-1.354293723,5.515601364,0.035992424,4.074529518
624647,"González, Victor",2024,L,386,147,25,2.516341394,4.941759146,0.317043631,3.921120684
630023,"Chirinos, Yonny",2024,R,515,146,45,-1.562591097,6.636014858,0.15782996,4.93230202
622088,"Antone, Tejay",2024,R,47,113,30,-2.46226728,5.859553116,-0.373439396,4.650820006
689672,"Thorpe, Drew",2024,R,721,145,52,-1.232519625,6.123143119,0.220652608,4.273302477
570632,"Ureña, José",2024,R,1759,140,31,-2.228274244,5.66872598,-0.190938671,4.428450891
571656,"Farmer, Buck",2024,R,1169,113,30,-1.936669597,5.693239563,0.129046334,4.51238179
676105,"Criswell, Jeff",2024,R,354,115,33,-1.943264598,5.429700843,0.152744981,4.055453201
676617,"O'Brien, Riley",2024,R,194,138,31,-2.149855001,5.533448755,-0.149746101,4.316926375
663562,"Davis, Noah",2024,R,365,115,32,-2.047670875,5.839966176,-0.158473511,4.674537116
669194,"Nelson, Ryne",2024,R,2406,109,48,-1.301373749,6.0722296,0.207604878,4.41882507
676106,"Hancock, Emerson",2024,R,1013,136,27,-2.099057783,5.568635956,-0.062950745,4.511082102
643338,"Green, Chad",2024,R,840,141,45,-1.612498486,6.093299049,0.064779151,4.433717508
670219,"Kristofak, Zac",2024,R,39,108,41,-1.468748787,5.287122268,0.03425495,3.9959252
543243,"Gray, Sonny",2024,R,2483,138,49,-1.186820583,5.513434873,0.203197208,3.922408796
664076,"Cleavinger, Garrett",2024,L,1040,139,35,2.093840354,5.287303962,0.242007392,3.991983443
605452,"Ross, Joe",2024,R,1210,158,35,-1.999955677,5.687878108,-0.145412525,4.403568998
668941,"Romero, JoJo",2024,L,919,138,32,1.992623535,5.421833475,0.078130118,4.227675486
598286,"Ramirez, Nick",2024,L,194,119,29,2.378712236,5.734853222,0.404920939,4.633594157
670990,"Ramírez, Yohan",2024,R,768,111,26,-2.405592773,5.168813086,-0.449212344,4.199304928
672782,"Gómez, Yoendrys",2024,R,214,147,42,-1.66872262,5.505713386,0.105792528,3.927581634
682254,"Montgomery, Mason",2024,L,158,139,53,1.199704037,5.797241078,-0.137891905,4.045118318
593423,"Montas, Frankie",2024,R,2692,158,43,-1.666885007,5.939988328,0.033876942,4.369489168
663567,"Lambert, Peter",2024,R,1039,115,54,-1.160414739,6.097838636,0.18678144,4.26426422
664079,"Jay, Tyler",2024,L,153,158,35,2.062595156,5.453313772,0.322966332,4.238048895
665871,"Assad, Javier",2024,R,2538,112,55,-1.04660347,6.000083711,0.222974306,4.200827705
668943,"Miller, Ryan",2024,R,219,108,33,-2.062163137,4.756562619,-0.120592572,3.505227687
669199,"Bachar, Lake",2024,R,161,146,34,-2.013718827,5.609058186,-0.06048637,4.267661583
669711,"Weissert, Greg",2024,R,1028,111,16,-2.770719986,4.826787583,-0.539913002,4.201374541
676879,"Ashby, Aaron",2024,L,501,158,48,1.30853898,6.504472049,-0.355642478,4.681122181
663568,"Kolek, Stephen",2024,R,784,135,35,-2.104648632,5.373282319,-0.138414918,3.986616177
669456,"Bieber, Shane",2024,R,166,114,42,-1.512250741,5.732712131,0.045363085,4.318646918
622608,"Senzatela, Antonio",2024,R,218,115,46,-1.776621698,6.163578961,-0.150741682,4.462466797
655889,"Rodríguez, Manuel",2024,R,605,139,47,-1.553536884,5.540382339,-0.008615723,3.897671408
656657,"Logue, Zach",2024,L,43,119,21,2.406974521,5.085799187,0.385862208,4.29317766
664849,"Young, Danny",2024,L,674,121,16,2.700622716,5.14302117,0.399848729,4.481758223
666129,"Garrett, Braxton",2024,L,588,146,42,1.699668054,5.817923522,-0.002536083,4.261065096
669713,"Wesneski, Hayden",2024,R,1075,112,50,-1.521767222,5.93327532,0.012400273,4.127370946
687377,"Ribalta, Orlando",2024,R,97,120,45,-1.789104393,6.627699373,-0.038827745,4.904282804
615698,"Quantrill, Cal",2024,R,2545,115,46,-1.545979077,6.315315263,0.15818215,4.568522694
622098,"Smith, Drew",2024,R,318,121,41,-1.827848751,5.670377956,-0.147473098,4.199654095
642834,"Bermudez, Jonathan",2024,L,121,146,31,2.04078611,5.197669176,0.191471925,4.108029957
669203,"Burnes, Corbin",2024,R,3079,110,44,-1.579619549,5.969420348,0.066312738,4.398806258
669459,"Nelson, Kyle",2024,L,145,109,42,1.384580962,5.806254327,-0.118255014,4.431873703
665620,"García, Deivi",2024,R,283,145,39,-1.882440375,5.44145859,-0.207926847,4.073718825
573204,"Thielbar, Caleb",2024,L,887,142,54,0.95313534,6.058851788,-0.37990816,4.207973808
661269,"Gutierrez, Vladimir",2024,R,80,146,42,-1.674477867,5.216961666,0.11640258,3.625465576
669461,"Liberatore, Matthew",2024,L,1356,138,45,1.60333199,6.441600308,-0.035525566,4.789524688
686613,"Brown, Hunter",2024,R,2988,117,57,-0.973468202,6.256549468,0.214388924,4.3990017
694037,"Palencia, Daniel",2024,R,263,112,36,-1.648942351,5.452690979,0.088367184,4.172094695
592662,"Ray, Robbie",2024,L,568,137,47,1.577164978,6.271804215,0.012787305,4.60160152
663574,"Santillan, Tony",2024,R,504,113,28,-2.029460452,5.467865207,-0.007759015,4.394735079
664854,"Helsley, Ryan",2024,R,908,138,60,-1.031096607,6.116413276,0.164947947,4.078287159
665622,"Medina, Luis",2024,R,720,133,42,-1.842935289,6.2263916,-0.064248336,4.611155995
543766,"Shaw, Bryan",2024,R,95,145,40,-1.988246296,6.039920941,-0.309084005,4.631013785
571670,"Floro, Dylan",2024,R,1018,109,37,-2.150030753,6.024128126,-0.362733654,4.656118883
641302,"Alexander, Tyler",2024,L,1668,139,36,2.084399568,5.638394147,0.189706223,4.268755165
661527,"Martinez, Seth",2024,R,827,117,13,-2.526363831,4.477992375,-0.413521017,3.99344416
605463,"Scott, Tayler",2024,R,1178,117,13,-2.783731495,4.776571064,-0.582492312,4.259493114
622103,"Reyes Jr., Gerardo",2024,R,79,133,23,-2.056851719,5.5657643,-0.098068465,4.719741052
571927,"Matz, Steven",2024,L,754,138,36,1.94610156,5.697170792,0.062813492,4.310084868
674072,"Henry, Tommy",2024,L,706,109,43,1.734302236,5.773030533,-0.052492128,4.130223279
641816,"Mahle, Tyler",2024,R,229,140,43,-1.909480858,5.524804448,-0.308883129,4.031678136
660761,"Suarez, José",2024,L,987,108,40,1.809502545,5.597682818,0.161507015,4.20181022
663321,"Hernandez, Nick",2024,R,139,117,47,-1.308551661,5.749228723,0.261399716,4.046797864
665625,"Peguero, Elvis",2024,R,829,158,24,-2.642139026,5.507713806,-0.359352089,4.488538934
669721,"Daniel, Davis",2024,R,508,108,49,-1.268236369,5.591407556,0.095996699,4.038243226
694297,"Pfaadt, Brandon",2024,R,2791,109,28,-2.409357711,5.508143097,-0.372392283,4.436551493
672282,"Detmers, Reid",2024,L,1559,108,45,1.473034374,6.140546357,-0.113305057,4.532359506
680730,"Parker, Mitchell",2024,L,2404,120,52,1.43646568,6.034572402,-0.034968156,4.144519495
689690,"Jacob, Alek",2024,R,232,135,-1,-2.498996641,3.812990127,-0.314727771,3.857556432
592155,"Booser, Cam",2024,L,695,111,39,1.85861454,5.742476514,0.153422558,4.355263913
669211,"Akin, Keegan",2024,L,1229,110,42,1.722316734,5.913856477,0.043758854,4.378414296
669467,"Pallante, Andre",2024,R,1883,138,59,-1.355494394,5.99856436,-0.223602002,4.13042277
607259,"Martinez, Nick",2024,R,2122,113,59,-0.837367296,6.241650123,0.336588855,4.316381573
502043,"Gibson, Kyle",2024,R,2763,138,45,-1.662214415,6.247649204,0.001388406,4.579021336
700187,"Taylor, Troy",2024,R,328,136,31,-2.126827473,5.638742516,-0.236836846,4.522088027
572955,"Johnson, Pierce",2024,R,929,144,39,-1.93832406,6.132536665,-0.187583029,4.703212298
656412,"Faedo, Alex",2024,R,1007,116,33,-2.372447699,6.033659063,-0.30563854,4.716390572
656924,"Ryan, Ryder",2024,R,340,134,30,-2.216195543,5.344535625,-0.188573613,4.151890498
669212,"Morgan, Eli",2024,R,646,114,46,-1.222134804,5.674164617,0.334324049,4.078357748
669724,"Hanifee, Brenan",2024,R,470,116,33,-2.607643424,5.529014497,-0.576350236,4.230393622
680732,"Burke, Sean",2024,R,309,145,41,-1.607413091,6.095645883,0.116810242,4.578093325
694813,"Stone, Gavin",2024,R,2152,119,47,-1.261773652,5.611965561,0.262287737,3.976714262
664350,"Sánchez, Sixto",2024,R,621,146,34,-2.148268292,5.755868303,-0.250887938,4.489475356
666142,"Ragans, Cole",2024,L,3198,118,45,1.649180326,6.33751866,-0.030077755,4.650918547
543518,"McGough, Scott",2024,R,577,109,47,-1.384153247,6.001639294,0.066235507,4.457540992
687134,"Blalock, Bradley",2024,R,552,115,62,-0.853311325,6.404421609,0.277284905,4.258871681
656671,"Maciejewski, Josh",2024,L,96,147,37,1.984236306,5.543920385,0.115144306,4.145347771
664351,"Contreras, Luis",2024,R,105,117,47,-1.260468242,5.314738841,0.191787094,3.757144217
608032,"Estévez, Carlos",2024,R,821,143,42,-1.623036274,5.995452749,0.203868214,4.350305744
548384,"Raley, Brooks",2024,L,119,121,33,2.186068643,5.613848369,0.2362298,4.352538953
680736,"Wrobleski, Justin",2024,L,592,119,41,1.559598142,5.694416512,-0.052500333,4.292423609
684320,"Rodriguez, Yariel",2024,R,1502,141,40,-1.879704724,5.795071663,-0.132830029,4.339373118
641312,"Anderson, Shaun",2024,R,244,146,45,-1.615211747,6.058415338,-0.152768175,4.582020034
657697,"Nittoli, Vinny",2024,R,178,110,19,-2.858220722,4.85276537,-0.741496748,4.122252496
596001,"Junis, Jakob",2024,R,943,113,29,-2.230205703,5.64440054,-0.242738313,4.539439116
670241,"Vines, Darius",2024,R,257,144,45,-1.640242977,5.970251958,0.017054578,4.320416318
621345,"Minter, A.J.",2024,L,522,144,43,1.713468157,5.729990871,0.172202378,4.313516342
643361,"Herget, Kevin",2024,R,151,158,51,-0.978287845,6.091831948,0.386075546,4.389288944
472610,"García, Luis",2024,R,897,111,48,-1.514624333,6.281858469,-0.02304357,4.617180927
605218,"Edwards Jr., Carl",2024,R,12,135,57,-0.970000649,6.410475067,0.267836327,4.513304516
676130,"Buttó, José",2024,R,1259,121,33,-2.162097217,5.28952613,-0.143664727,3.971716523
614179,"Ruiz, José",2024,R,807,143,45,-1.580498492,6.28245607,0.100671337,4.613807832
680739,"Winder, Josh",2024,R,141,142,44,-1.610405298,5.834780517,0.156203191,4.107565677
493603,"Ottavino, Adam",2024,R,997,121,25,-2.744897312,5.383092548,-0.54350881,4.36563428
656420,"Feyereisen, J.P.",2024,R,156,119,47,-1.62905407,6.236637295,-0.019138091,4.536949701
668964,"Myers, Tobias",2024,R,2215,158,61,-0.842204831,5.887215421,0.273288927,3.908994971
678692,"Henriquez, Ronny",2024,R,303,142,43,-1.44987713,5.348753205,-0.006844629,3.99175207
687396,"Headrick, Brent",2024,L,60,142,36,2.000749338,6.05827058,0.031359155,4.630466334
695076,"Lowder, Rhett",2024,R,498,113,31,-2.440714169,5.69636388,-0.412870315,4.498413774
548389,"Stripling, Ross",2024,R,1357,133,61,-1.053128091,6.863691368,0.075711447,4.800245352
593958,"Rodriguez, Eduardo",2024,L,865,109,39,1.955284667,5.858761849,0.143367604,4.365570565
680742,"Bowlan, Jonathan",2024,R,68,118,43,-1.850058927,6.035465511,-0.116634239,4.419545537
689958,"Walters, Andrew",2024,R,132,114,39,-1.759237774,5.909723288,-0.035193111,4.5135609
687911,"King, Bryan",2024,L,428,117,37,1.785166981,5.609565364,0.059539327,4.306157303
665896,"Marte, José",2024,R,311,108,29,-2.165895326,5.539890702,-0.04701323,4.386541897
668968,"Crouse, Hans",2024,R,437,108,26,-2.16010702,5.814346751,0.12773631,4.693321326
672552,"O'Loughlin, Jack",2024,L,176,133,34,2.03392417,5.888612408,0.014302857,4.52565962
680744,"Madden, Ty",2024,R,403,116,40,-1.991883306,5.750604171,-0.205948563,4.262595449
805673,"Matthews, Zebby",2024,R,715,142,42,-1.822133846,5.974245847,-0.23925469,4.551288998
806185,"Birdsong, Hayden",2024,R,1388,137,41,-1.590663177,6.34371115,0.171104639,4.787208132
677161,"Kelly, Zack",2024,R,957,111,36,-1.867217542,5.420515688,-0.041066209,4.09575425
621097,"Waguespack, Jacob",2024,R,221,139,70,-0.353802796,6.430727507,0.498912313,4.145188691
571945,"Mikolas, Miles",2024,R,2705,138,43,-1.970960258,6.426276045,-0.146052759,4.703944909
592426,"Jackson, Luke",2024,R,939,144,54,-1.181786925,6.51193224,0.226857667,4.607089144
668970,"Hollowell, Gavin",2024,R,29,112,8,-3.1803688,5.041433885,-0.705965526,4.706593694
690986,"Harrison, Kyle",2024,L,2078,137,24,2.529408395,4.84060698,0.424723187,3.915027435
571946,"Miller, Shelby",2024,R,832,116,46,-1.523661438,5.343538428,-0.02222854,3.788213367
656427,"Flaherty, Jack",2024,R,2569,119,29,-1.945457192,5.381531526,0.020469636,4.313622698
664875,"Lawrence, Justin",2024,R,1081,115,-2,-3.25966076,4.357261886,-0.831974144,4.451394572
605483,"Snell, Blake",2024,L,1773,137,57,1.10715425,6.638672447,-0.188970467,4.636251638
675627,"Grove, Michael",2024,R,787,119,57,-0.978095422,5.9410685,0.185073595,4.170438387
676395,"Garcia, Robert",2024,L,946,120,24,2.445946688,5.589642119,0.286191743,4.605416482
500779,"Quintana, Jose",2024,L,2843,121,45,1.832025112,5.777569892,0.230012323,4.191362101
572971,"Keuchel, Dallas",2024,L,308,158,46,1.649845703,6.163439718,0.069675969,4.541006735
641835,"Mayza, Tim",2024,L,731,147,42,1.968820682,6.297824605,0.151811302,4.668353459
571948,"Milner, Hoby",2024,L,1043,158,-3,2.892088037,4.298946614,0.654435368,4.403488625
666157,"Lodolo, Nick",2024,L,1864,113,19,2.930076736,5.52001242,0.556399751,4.724235467
681517,"Leahy, Kyle",2024,R,695,138,46,-1.536141673,5.836507924,0.085430568,4.15536812
623149,"Sewald, Paul",2024,R,629,109,16,-2.677097626,4.464869188,-0.677383988,3.894606944
670766,"McCaughan, Darren",2024,R,713,146,30,-2.15823693,5.258945171,-0.148721997,4.116935316
683822,"Uwasawa, Naoyuki",2024,R,62,111,51,-1.457180554,6.256713886,-0.000592408,4.480406396
641582,"Foster, Matt",2024,R,108,145,50,-1.209280881,6.130485064,0.12710032,4.528258129
663855,"Hicks, Jordan",2024,R,1958,137,29,-2.319652761,5.61599499,-0.293088561,4.474915977
666159,"Manning, Matt",2024,R,438,116,46,-1.658153215,5.515773088,-0.120959162,3.950877975
605488,"Springs, Jeffrey",2024,L,565,139,43,1.660208995,5.982197637,0.001133972,4.461204647
607536,"Freeland, Kyle",2024,L,1769,115,27,2.165502115,5.723797287,0.133707759,4.675910566
683568,"Iriarte, Jairo",2024,R,137,145,31,-1.91924933,5.265468188,0.107572849,4.055215742
656945,"Scott, Tanner",2024,L,1187,135,35,2.246653486,5.231482864,0.442945398,3.958378498
800049,"Mazur, Adam",2024,R,584,135,50,-1.209705174,6.078667029,0.397560942,4.174703602
641329,"Baker, Bryan",2024,R,370,110,57,-0.969276263,6.551464131,0.39797403,4.450693428
641585,"France, J.P.",2024,R,466,117,44,-1.235827919,5.629469078,0.144768137,4.28038722
643377,"Jax, Griffin",2024,R,1066,142,46,-1.380303013,5.500820673,0.21743911,3.856790475
686642,"Ellard, Fraser",2024,L,432,145,27,2.385069438,5.765189756,0.322271658,4.718287677
687922,"Lucas, Easton",2024,L,246,141,48,1.474111451,5.955415946,-0.125693854,4.203809368
685107,"Veneziano, Anthony",2024,L,242,146,36,2.047877926,6.08393679,0.150315391,4.709824145
621107,"Eflin, Zach",2024,R,2522,110,27,-2.642329066,5.790039151,-0.44465731,4.66286897
621363,"Poche, Colin",2024,L,543,139,65,0.763509475,6.288444312,-0.145571668,4.336211104
687924,"Aguiar, Julian",2024,R,530,113,28,-2.091328359,5.524193711,-0.058578642,4.423243422
642100,"Speier, Gabe",2024,L,422,136,28,1.95648599,5.331188954,0.021474538,4.295291308
676661,"Lazar, Max",2024,R,214,143,56,-0.855252692,5.850182481,0.42442644,3.974617015
456501,"Cueto, Johnny",2024,R,167,108,33,-2.206427811,5.451155967,-0.221545746,4.181854522
593974,"Peralta, Wandy",2024,L,593,135,43,1.580288938,5.999221977,-0.125409325,4.415704924
608566,"Márquez, Germán",2024,R,70,115,40,-1.861450503,6.022954551,-0.084446087,4.518092709
621366,"Borucki, Ryan",2024,L,174,134,29,2.249381075,5.692047556,0.196440127,4.566039056
621111,"Buehler, Walker",2024,R,1336,119,46,-1.533491475,5.537673474,-0.073211283,4.051138617
668984,"Legumina, Casey",2024,R,166,113,17,-2.504440563,4.768248525,-0.427553923,4.126827674
676664,"Sears, JP",2024,L,2856,133,21,2.310932308,4.640025345,0.288512882,3.848087135
677944,"Cecconi, Slade",2024,R,1291,109,37,-1.770357836,5.646083277,0.058816264,4.253958306
621112,"Blackburn, Paul",2024,R,1212,121,50,-1.50233944,6.042584128,0.005599709,4.270532996
656186,"Altavilla, Dan",2024,R,83,118,24,-2.210282373,5.075310416,-0.263552827,4.228269017
621114,"Burr, Ryan",2024,R,570,141,57,-1.044209881,6.402394338,0.217064968,4.424119813
661563,"Gil, Luis",2024,R,2664,147,36,-2.042361599,5.667850794,-0.061172542,4.238033991
664123,"Effross, Scott",2024,R,55,147,-3,-3.167583935,3.825864109,-0.862879122,3.942759376
666171,"Zeferjahn, Ryan",2024,R,208,108,38,-1.857609262,5.845771987,-0.02597742,4.421265167
683068,"Penrod, Zach",2024,L,86,111,44,1.746821003,6.19698719,0.116591489,4.598302075
685116,"Kitchen, Austin",2024,L,157,146,29,2.181780598,5.578618741,0.264728965,4.527225285
650556,"Abreu, Bryan",2024,R,1288,117,45,-1.641257206,5.751449153,0.008020316,4.091255101
543037,"Cole, Gerrit",2024,R,1533,147,42,-1.79519753,5.986351903,-0.148620514,4.4814848
689981,"Ryan, River",2024,R,295,119,38,-1.836270689,5.594853248,-0.036239961,4.203628579
692285,"Guerrero, Luis",2024,R,132,111,33,-2.121660953,5.871154985,-0.137001445,4.583390222
693821,"Elder, Bryce",2024,R,864,144,54,-1.098992376,6.648607859,0.256913581,4.763932292
664126,"Fairbanks, Pete",2024,R,696,139,56,-1.12714754,6.955291459,0.312453676,4.855757237
543294,"Hendricks, Kyle",2024,R,2134,112,43,-1.833666456,5.987298459,-0.045843811,4.32152493
686654,"Adcock, Ty",2024,R,86,121,47,-1.577046733,5.931823177,-0.021043451,4.253597514
680767,"Vodnik, Victor",2024,R,1312,115,43,-1.508661656,5.276051807,0.167469912,3.733388228
623167,"Flexen, Chris",2024,R,2797,145,70,-0.321532293,6.84239528,0.456925604,4.691820797
665152,"Kremer, Dean",2024,R,2171,110,41,-1.779709158,6.040199105,-0.052828773,4.537115733
687424,"Maldonado, Anthony",2024,R,297,146,36,-1.980107619,6.230868273,-0.119581464,4.858504426
693312,"Nicolas, Kyle",2024,R,950,134,44,-1.379555372,6.094787943,0.272136869,4.478433803
664129,"Hartlieb, Geoff",2024,R,138,115,36,-2.039977874,5.95475064,-0.027510893,4.504918523
506433,"Darvish, Yu",2024,R,1189,135,40,-1.747011156,5.602530999,-0.156460716,4.275107778
663362,"Waldron, Matt",2024,R,2447,135,29,-2.411744285,5.478967298,-0.461127012,4.415657914
672578,"Hernández, Carlos",2024,R,560,118,39,-1.764542851,5.988607935,0.177440057,4.398507893
674370,"Bido, Osvaldo",2024,R,1056,133,34,-2.085372011,5.847470424,-0.086902977,4.505706522
675650,"Mercado, Michael",2024,R,260,143,37,-1.876379834,6.080471008,0.019784408,4.659374155
677955,"Hill, Jaden",2024,R,151,115,24,-2.382222445,5.654683568,-0.253236385,4.727174967
696131,"Black, Mason",2024,R,663,137,22,-2.359188779,5.092121347,-0.187555948,4.220112157
682052,"Lopez, Jacob",2024,L,178,139,24,2.714206224,5.272371618,0.4721504,4.265094912
621381,"Strahm, Matt",2024,L,952,143,31,2.171438215,5.391264449,0.038063767,4.118092361
502085,"Robertson, David",2024,R,1211,140,45,-1.389345166,5.821830313,0.050753098,4.396749009
642629,"Ramirez, Emmanuel",2024,R,371,146,61,-0.932645864,5.77776539,0.213794419,3.728080589
592454,"Kahnle, Tommy",2024,R,728,147,35,-1.84876823,5.75259909,0.016813882,4.427260497
595014,"Treinen, Blake",2024,R,737,119,32,-2.271390201,6.204803014,-0.138000338,4.891488188
663878,"Pearson, Nate",2024,R,1059,112,40,-1.734212832,5.494150156,0.096054517,3.941376781
672582,"Zerpa, Angel",2024,L,965,118,32,1.929605936,5.409014897,0.100244514,4.275735186
677958,"Rocker, Kumar",2024,R,218,140,34,-2.384154607,5.699626773,-0.460828438,4.402853297
685126,"Eisert, Brandon",2024,L,110,141,35,2.407360062,5.001847629,0.71444975,3.836515996
596295,"Gomber, Austin",2024,L,2543,115,53,1.021864871,6.530682002,-0.395690073,4.643385948
663623,"Irvin, Jake",2024,R,3046,120,29,-2.168957214,5.724639645,-0.109453564,4.603897475
667463,"King, John",2024,L,842,138,27,2.435808191,5.432711052,0.394286666,4.393474317
675911,"Strider, Spencer",2024,R,178,144,46,-1.576694086,5.923355194,-0.098695219,4.400310085
681799,"Roberts, Ethan",2024,R,474,112,32,-1.740248469,5.058209665,-0.073010629,4.018562408
621383,"Banks, Tanner",2024,L,1174,143,49,1.714208053,6.246915018,0.170684466,4.481311275
622663,"Severino, Luis",2024,R,2993,121,41,-1.557154256,5.907510989,0.072899135,4.488934001
670280,"Bednar, David",2024,R,1023,134,41,-1.681224354,5.898045883,-0.042370909,4.481820286
676680,"Cosgrove, Tom",2024,L,299,135,11,2.732252663,4.716863385,0.466379926,4.272077846
677960,"Weathers, Ryan",2024,L,1413,146,36,1.944307825,5.702775661,0.132415441,4.405541131
696136,"Wicks, Jordan",2024,L,852,112,50,1.577723631,5.943942839,0.045962079,4.135179668
656457,"Gilbert, Tyler",2024,L,145,143,17,2.994088646,5.13927018,0.697001899,4.428242886
605513,"Turnbull, Spencer",2024,R,916,143,25,-2.522199798,5.703627693,-0.298561328,4.684793494
671305,"Otañez, Michel",2024,R,601,133,32,-2.147397262,5.638320256,-0.177495285,4.384631796
623433,"Anderson, Nick",2024,R,573,118,47,-1.385386312,6.421893931,0.200974444,4.725260316
689225,"Brieske, Beau",2024,R,1176,116,49,-1.340380064,5.983974852,0.210046054,4.194356581
642121,"Sulser, Cole",2024,R,292,139,43,-1.640395727,5.791134796,-0.094479967,4.358321927
656458,"Gilbreath, Lucas",2024,L,47,115,46,1.495236382,5.741423971,-0.109378581,4.094871267
519242,"Sale, Chris",2024,L,2813,144,11,3.220037554,5.101355211,0.879251794,4.650305092
659275,"Lamet, Dinelson",2024,R,74,119,47,-1.552461573,6.177559712,0.141323733,4.374149292
664139,"Gibaut, Ian",2024,R,40,113,44,-1.68926284,5.620929625,-0.031379187,4.033906622
608331,"Fried, Max",2024,L,2807,144,48,1.481957997,5.951194169,-0.098581373,4.167767246
681035,"Scott, Christian",2024,R,787,121,32,-2.230384329,5.218085569,-0.260313219,3.988894657
702795,"Loutos, Ryan",2024,R,35,138,34,-2.29479529,6.000430155,-0.213029101,4.619931533
663372,"Feltner, Ryan",2024,R,2578,115,42,-1.723845272,5.536407376,-0.046029786,4.025729468
676428,"Hurter, Brant",2024,L,674,116,30,2.63020788,5.883910949,0.376540466,4.602990107
676684,"Vest, Will",2024,R,1174,116,46,-1.505607531,5.554845702,-0.000758638,3.9821557
660813,"Graterol, Brusdar",2024,R,101,119,36,-2.326412013,6.219108761,-0.480300639,4.858374986
667725,"Tyler, Kyle",2024,R,579,146,61,-0.518144392,5.92281762,0.450241938,4.140158056
681293,"Arrighetti, Spencer",2024,R,2505,117,25,-2.240839662,5.059400524,-0.183815285,4.116487344
621389,"Blach, Ty",2024,L,1133,115,21,2.319254441,5.738393933,0.13436002,4.901690178
623437,"Topa, Justin",2024,R,20,142,13,-2.772658588,5.167720432,-0.478147308,4.645504528
608334,"Fulmer, Carson",2024,R,1469,108,38,-2.045996827,5.659208485,-0.274222599,4.287237668
681806,"Wantz, Andrew",2024,R,35,108,35,-2.08067523,5.961356848,-0.095371627,4.583238444
694350,"Brzykcy, Zach",2024,R,104,120,48,-1.257091118,5.763538391,0.260327436,4.056784461
672335,"Pérez, Cionel",2024,L,874,110,37,1.946783818,5.514451812,0.182100593,4.175588588
656464,"Ginkel, Kevin",2024,R,1184,109,40,-1.770292022,6.428471391,0.050653928,4.886261476
543056,"Coulombe, Danny",2024,L,477,110,58,0.86991471,6.135931847,-0.314743713,4.226309883
641360,"Bickford, Phil",2024,R,154,147,25,-2.309831376,4.921736309,-0.21893016,3.949364254
675921,"Howard, Spencer",2024,R,537,114,42,-1.848379253,6.09797535,-0.119584003,4.552456484
700241,"McGreevy, Michael",2024,R,311,138,36,-2.086798377,5.771800916,-0.158367785,4.376642231
573009,"Mantiply, Joe",2024,L,867,109,15,2.829970573,5.123419775,0.491488307,4.505959851
657746,"Ryan, Joe",2024,R,2106,142,26,-1.966232841,4.771622381,0.079634166,3.788171528
612434,"Castro, Miguel",2024,R,232,109,12,-2.813113604,4.970797486,-0.414406793,4.442493374
678226,"Hernández, Daysbel",2024,R,372,144,40,-1.976762749,5.794264033,-0.236159021,4.335361085
681810,"Warren, Austin",2024,R,173,137,31,-2.26673621,5.175083926,-0.346640859,4.017451058
643410,"Leiter Jr., Mark",2024,R,1008,147,50,-1.389592035,5.802917916,0.015156591,4.110388389
672851,"Adon, Joan",2024,R,178,120,34,-1.948613283,5.746396796,-0.025349132,4.447859647
670036,"Festa, Matt",2024,R,385,140,28,-2.101311589,4.884896351,-0.265350834,3.925632808
663893,"Little, Brendon",2024,L,696,141,35,2.072551102,6.024489734,0.174272676,4.711708651
600917,"Leclerc, José",2024,R,1204,140,40,-1.530831325,5.879339185,0.216525262,4.389771066
669270,"Kuhnel, Joel",2024,R,158,139,35,-2.189744325,6.263104578,-0.176648559,4.861409301
621399,"Feigl, Brady",2024,L,44,134,54,1.209781007,6.443156416,-0.17315111,4.529810418
657240,"Merryweather, Julian",2024,R,272,112,55,-1.139748225,6.162159807,0.29411868,4.097233872
666200,"Luzardo, Jesús",2024,L,1083,146,39,1.894745522,5.975360222,0.090397205,4.497080952
608344,"Irvin, Cole",2024,L,1767,142,40,2.009759765,6.094270505,0.235815595,4.605764153
676440,"Bibee, Tanner",2024,R,2851,114,51,-1.441081469,6.177502782,-0.042813068,4.449418399
677976,"Dobnak, Randy",2024,R,183,142,20,-2.546851924,5.44525493,-0.365111533,4.6684531
660825,"Bazardo, Eduard",2024,R,441,136,44,-1.550881713,5.816508302,0.133373335,4.181549355
666201,"Manoah, Alek",2024,R,394,141,39,-2.25160501,5.826826384,-0.289972775,4.214673557
694361,"Klein, Will",2024,R,146,133,50,-1.499293932,5.905202742,-0.040517955,4.175012213
700249,"Povich, Cade",2024,L,1381,110,41,1.792995418,5.811230455,0.008872286,4.271760473
518489,"Brasier, Ryan",2024,R,363,119,42,-1.738137373,5.787065262,-0.164704344,4.367495541
656730,"Megill, Trevor",2024,R,697,158,55,-1.18273158,6.597395314,0.264687211,4.5588868
670810,"Gillaspie, Logan",2024,R,151,135,50,-1.439316946,6.029884318,0.01851957,4.282375915
682842,"Uribe, Abner",2024,R,258,158,42,-1.938131308,5.952282384,0.034766709,4.169584457
656731,"Megill, Tylor",2024,R,1365,121,37,-2.022162902,5.788309938,-0.164996135,4.400101078
607067,"Rea, Colin",2024,R,2650,158,35,-1.916422271,5.576937656,-0.087728676,4.319599295
623451,"Stephens, Jackson",2024,R,51,144,43,-1.892624768,6.098104884,-0.12389205,4.474397632
694363,"Shuster, Jared",2024,L,1290,145,40,1.659616747,5.553227008,-0.00027449,4.173069746
666204,"Jiménez, Dany",2024,R,450,133,61,-0.651601617,6.413950343,0.542296902,4.231963283
669276,"Lee, Dylan",2024,L,878,144,45,1.535960992,6.457303761,-0.076846737,4.821404364
672860,"Berroa, Prelander",2024,R,348,145,51,-1.368373835,5.853630106,0.051349063,4.087457537
445276,"Jansen, Kenley",2024,R,801,111,62,-0.735712182,6.488603127,0.41539705,4.338860783
666205,"Muller, Kyle",2024,L,725,133,53,1.361458407,6.59780931,-0.212392151,4.522912239
628317,"Maeda, Kenta",2024,R,1958,116,38,-1.953231124,5.686218702,-0.186693329,4.281775642
642397,"Soto, Gregory",2024,L,959,110,36,2.155972726,5.730350097,0.217346959,4.312747425
656222,"Beeks, Jalen",2024,L,1157,134,49,1.72180735,5.985323636,0.203947687,4.209234505
666974,"Cano, Yennier",2024,R,1028,110,18,-2.893818706,5.471893802,-0.474962198,4.705100758
669022,"Gore, MacKenzie",2024,L,2991,120,47,1.552749537,5.850775049,0.026104358,4.203438725
670046,"Rosenberg, Kenny",2024,L,403,108,47,1.573214436,6.061653238,-0.019229732,4.380923101
676702,"Stratton, Hunter",2024,R,587,134,37,-1.710535478,5.988743481,0.114813653,4.594226039
663903,"Singer, Brady",2024,R,2967,118,28,-1.970068018,5.262470191,-0.146316896,4.299142034
666207,"Pint, Riley",2024,R,102,115,26,-2.939706824,5.500615745,-0.618604691,4.365584479
606303,"Payamps, Joel",2024,R,930,158,30,-1.943098537,5.634284975,0.117315615,4.435575536
678495,"Rodríguez, Randy",2024,R,846,137,37,-1.922992517,5.427438465,-0.231778849,4.166851179
682847,"Ortiz, Luis",2024,R,2143,134,22,-2.208349611,4.964653925,-0.086113292,4.116028724
666208,"Speas, Alex",2024,R,39,117,42,-1.752608938,6.341878463,0.072575216,4.702616991
666720,"Rodríguez, Yerry",2024,R,438,141,28,-2.219326507,5.672021215,-0.243796236,4.642343982
605280,"Holmes, Clay",2024,R,1063,147,49,-1.500066526,6.575496875,0.132421439,4.684355173
502624,"Anderson, Chase",2024,R,1016,140,43,-1.64518035,5.749159858,0.027916873,4.198692346
519008,"McFarland, T.J.",2024,L,836,133,14,2.955601013,5.351068103,0.647924299,4.782457321
676961,"Boushley, Caleb",2024,R,63,142,45,-1.825004988,6.045906909,-0.17383733,4.390311137
607074,"Rodón, Carlos",2024,L,3102,147,45,1.695468761,6.325882731,-0.016885461,4.589699504
676962,"Brown, Ben",2024,R,849,112,42,-1.576600613,6.370394298,0.119669955,4.817162437
683618,"Henriquez, Edgardo",2024,R,59,119,49,-1.253928515,6.056895157,0.30501846,4.25613137
646242,"Díaz, Jhonathan",2024,L,166,136,32,2.198860642,5.49395903,0.332991489,4.324333247
657508,"Baumann, Mike",2024,R,1067,146,49,-1.380400092,6.096300304,0.136682769,4.364575904
669796,"Hernandez, Jose E.",2024,L,89,134,56,1.059925333,6.483497309,-0.227192479,4.609759285
673380,"Núñez, Dedniel",2024,R,494,121,39,-1.767841457,5.436947313,0.04703302,3.978091851
554340,"García, Yimi",2024,R,619,136,27,-2.4963459,5.176509986,-0.300611475,4.038446514
592741,"Shreve, Chasen",2024,L,10,115,36,1.745268052,5.907315147,-0.139063538,4.534378324
679525,"Marsh, Alec",2024,R,2160,118,32,-2.260562085,5.658143,-0.306731655,4.421233538
666214,"Wentz, Joey",2024,L,1224,134,50,1.262759153,6.352115201,-0.348715166,4.452086177
676710,"Crawford, Kutter",2024,R,2822,111,48,-1.561941967,6.020011402,-0.078066514,4.391882444
622694,"Hernández, Elieser",2024,R,251,158,40,-1.53556796,5.289676346,-0.062081425,4.056503245
701542,"Warren, Will",2024,R,458,147,25,-2.107875947,5.657098366,-0.004258991,4.678213973
666215,"Whitley, Forrest",2024,R,94,117,38,-1.797695358,6.189283305,0.029943743,4.751484478
471911,"Carrasco, Carlos",2024,R,1688,114,36,-2.005008844,5.896606529,-0.136549742,4.551724024
656232,"Bielak, Brandon",2024,R,485,133,46,-1.656132504,6.208321636,0.012547022,4.503492767
605288,"Houser, Adrian",2024,R,1099,121,40,-1.898714084,5.874704282,-0.134309698,4.367848275
676969,"de Geus, Brett",2024,R,193,141,31,-2.119109626,5.974052285,-0.114714163,4.746927802
623465,"Phillips, Evan",2024,R,904,119,26,-2.121680704,5.261094749,-0.09404227,4.291960151
656234,"Bird, Jake",2024,R,656,115,21,-2.441565799,5.370889585,-0.255412299,4.547932248
657514,"Bernardino, Brennan",2024,L,857,111,18,2.355496755,4.981638687,0.236799395,4.278262094
676714,"Hughes, Brandon",2024,L,350,109,23,2.21740593,5.38722298,0.212690448,4.520414723
681066,"Bush, Ky",2024,L,328,145,48,1.372885811,6.286399672,-0.226346462,4.486914555
667755,"Soriano, José",2024,R,1737,108,36,-2.158328879,6.004498348,-0.249468996,4.615126197
670059,"Holderman, Colin",2024,R,869,134,29,-2.295927339,5.611428609,-0.253900442,4.487806713
543339,"Hudson, Daniel",2024,R,980,119,30,-2.263448653,5.503534289,-0.194185798,4.288460336
547179,"Lorenzen, Michael",2024,R,2091,118,43,-1.691673153,5.784721004,0.025535349,4.207241914
683627,"Molina, Anthony",2024,R,1042,115,51,-1.255232864,6.295222513,0.175270041,4.546622135
623211,"Brazobán, Huascar",2024,R,899,121,38,-2.050850257,5.858054979,0.00416381,4.237374734
528748,"Castellanos, Humberto",2024,R,186,109,18,-2.596389427,4.759473283,-0.491728896,4.091224811
657006,"Steele, Justin",2024,L,2046,112,46,1.695591097,6.124828776,0.105149876,4.489132183
594798,"deGrom, Jacob",2024,R,172,140,34,-2.037042919,5.612665589,-0.038635378,4.261145113
676974,"Meyer, Max",2024,R,967,146,46,-1.387634766,5.815530128,0.229547835,4.13346124
700270,"Diaz, Yilber",2024,R,469,109,43,-1.535034207,5.688708752,0.143794813,4.125259457
656240,"Blewett, Scott",2024,R,319,142,50,-1.277822656,6.26754611,0.1978937,4.535612334
547184,"Kelly, Michael",2024,R,470,133,36,-1.877693432,6.079024976,-0.003187197,4.703480685
690544,"Horn, Bailey",2024,L,303,111,42,1.452017728,5.745796537,-0.186731547,4.293502048
571760,"Heaney, Andrew",2024,L,2729,140,30,2.32499501,5.027775065,0.351409949,3.909991353
657265,"Strzelecki, Peter",2024,R,192,114,20,-2.674156524,4.950818849,-0.667253371,4.223029712
601713,"Pivetta, Nick",2024,R,2387,111,56,-0.967506789,6.813600939,0.317282713,4.877896872
671345,"Foley, Jason",2024,R,922,116,31,-2.293212846,5.693970976,-0.158302033,4.416536037
682610,"Muñoz, Roddery",2024,R,1485,146,38,-1.725879829,5.696855261,0.184450979,4.216806211
623474,"Herget, Jimmy",2024,R,189,144,1,-2.954822502,4.93623711,-0.633373825,4.910772765
689266,"Dodd, Dylan",2024,L,34,144,45,1.662660601,6.019232129,-0.027042749,4.299804522
608371,"Sims, Lucas",2024,R,885,111,38,-1.656555268,5.688119882,0.087927718,4.318566519
543859,"Tonkin, Michael",2024,R,1403,142,13,-2.951275271,5.194822511,-0.61960092,4.647921442
676979,"Crochet, Garrett",2024,L,2366,145,38,1.985827852,6.10035677,0.059159021,4.617518447
656756,"Montgomery, Jordan",2024,L,1929,109,46,1.628417102,6.603678677,-0.087617015,4.853465584
664948,"Misiewicz, Anthony",2024,L,30,147,56,1.022044907,6.164041296,-0.256795113,4.26636041
572020,"Paxton, James",2024,L,1708,111,42,1.924845383,6.051588108,0.111541867,4.399527987
660853,"De Los Santos, Enyel",2024,R,1116,145,25,-2.459063771,5.451593627,-0.293127813,4.448780314
663158,"Suarez, Robert",2024,R,975,135,46,-1.378781661,6.225546229,0.251435499,4.549182248
669302,"Gilbert, Logan",2024,R,3037,136,44,-1.497928792,5.825721451,0.179630044,4.212092778
694646,"McDermott, Chayce",2024,R,82,110,42,-1.706748627,5.528499663,-0.02479671,3.998797021
571510,"Boyd, Matthew",2024,L,669,114,26,2.566731898,5.454420223,0.350944042,4.369880329
543351,"Jackson, Jay",2024,R,453,142,32,-1.950365694,5.709095054,0.04913496,4.460236076
660600,"Paredes, Enoli",2024,R,319,112,43,-1.888261737,5.093379196,-0.177698047,3.525737138
671096,"Abbott, Andrew",2024,L,2333,113,45,1.647072837,5.8626436,0.105195782,4.319956516
641656,"Hamilton, Ian",2024,R,619,147,40,-1.627730439,5.95396157,0.070952751,4.518121255
666745,"Brito, Jhony",2024,R,619,135,55,-0.954071915,6.149233826,0.497226701,4.102267994
542585,"Cisnero, José",2024,R,313,108,27,-2.321511382,5.376174565,-0.204621493,4.295717695
689017,"Knack, Landon",2024,R,1149,119,53,-1.150137733,5.796884851,0.203578479,3.998586263
641401,"Brogdon, Connor",2024,R,97,119,33,-1.981382816,6.016268309,-0.022343144,4.727519743
680570,"Rodriguez, Grayson",2024,R,1869,110,38,-1.817157688,5.593082182,0.055452274,4.148739274
608379,"Wacha, Michael",2024,R,2602,118,52,-1.261187532,6.520928224,0.163908518,4.727319871
669308,"Reynolds, Sean",2024,R,225,135,41,-1.62815177,6.473294608,0.120037176,4.974653739
657277,"Webb, Logan",2024,R,3199,137,22,-2.664115738,4.978340332,-0.51491363,4.103702513
676477,"Whitlock, Garrett",2024,R,320,111,29,-2.27722771,5.464808905,-0.30776584,4.351205802
680573,"Woods Richardson, Simeon",2024,R,2295,142,47,-1.286927453,6.420271888,0.295036649,4.733629991
686973,"Varland, Louie",2024,R,901,142,41,-1.921659098,5.532719115,-0.232498515,4.054341265
641149,"Parsons, Wes",2024,R,148,114,37,-2.121099189,5.67981353,-0.272108738,4.26786695
519293,"Smith, Will",2024,L,673,118,45,1.524650596,6.481464453,-0.117335527,4.812258293
608638,"Chargois, JT",2024,R,529,136,28,-2.470234192,5.378946112,-0.41954583,4.309618001
592767,"Smyly, Drew",2024,L,1015,112,52,1.434418235,6.630520669,-0.07906936,4.720323114
663423,"Thornton, Trent",2024,R,1139,136,35,-1.958852572,5.184234171,-0.166242861,3.929796979
657024,"Swanson, Erik",2024,R,667,141,51,-1.438931265,6.120999008,-0.068992964,4.427801111
664192,"Lucchesi, Joey",2024,L,179,121,45,1.820846886,5.961576281,0.173832945,4.312728583
674944,"Guenther, Sean",2024,L,256,116,45,1.666433369,5.596523801,0.122262149,4.059762241
681857,"Olson, Reese",2024,R,1840,116,39,-1.963339084,6.020583364,-0.063579537,4.505623486
671106,"Allen, Logan",2024,L,1664,114,45,1.332608528,5.376109015,-0.228844125,3.835641287
641154,"López, Pablo",2024,R,2985,142,38,-2.100356985,5.583127053,-0.215706265,4.093779043
681347,"Burrows, Mike",2024,R,68,134,50,-1.135712859,6.38745847,0.350394194,4.608723096
519043,"Moore, Matt",2024,L,854,108,44,1.677761666,6.376403333,-0.079909931,4.687556898
669060,"Wilson, Bryse",2024,R,1643,158,46,-1.767649603,5.788803848,-0.145632429,4.121161212
678020,"Halvorsen, Seth",2024,R,178,115,41,-1.736837057,5.593018564,-0.110085766,4.176282946
592773,"Stanek, Ryne",2024,R,1002,121,46,-1.37870929,6.296719614,0.317268974,4.563745533
663941,"Beck, Tristan",2024,R,242,137,45,-1.760324939,6.052090971,-0.095942877,4.397256819
671109,"Eder, Jake",2024,L,45,145,35,2.201647125,5.658744643,0.23815799,4.307622844
547973,"Chapman, Aroldis",2024,L,1128,134,52,1.325841094,6.102956265,-0.143627282,4.188267935
669062,"Miller, Erik",2024,L,1269,137,37,1.953448708,6.388957235,-0.006170084,4.911736635
663687,"Harris, Hogan",2024,L,1213,133,49,1.615878669,5.887532989,0.097228329,4.117371629
671111,"Peralta, Sammy",2024,L,282,145,12,2.777082339,4.671923875,0.584896449,4.202041367
672391,"Ort, Kaleb",2024,R,366,117,44,-1.623537551,5.846636182,0.027332255,4.279164478
571527,"Buchanan, David",2024,R,58,113,54,-1.173899945,6.254564226,0.205952914,4.369454908
641927,"Ober, Bailey",2024,R,2692,142,35,-2.197338226,5.985588055,-0.165013704,4.560944401
663432,"Rainey, Tanner",2024,R,939,120,38,-2.120202667,6.097647462,-0.275108622,4.67202831
608648,"Duffey, Tyler",2024,R,189,118,25,-2.370795949,5.684889343,-0.227305759,4.692201069
682120,"Herrin, Tim",2024,L,990,114,31,2.376196064,5.720243414,0.370428853,4.517394168
607625,"Lugo, Seth",2024,R,3194,118,33,-2.205276535,5.487868024,-0.170321829,4.185603284
673929,"Leasure, Jordan",2024,R,560,145,52,-1.143690697,5.894459564,0.259768744,4.099220771
650633,"King, Michael",2024,R,2908,135,29,-2.146712968,5.49924137,-0.190390374,4.402903774
656266,"Bukauskas, J.B.",2024,R,88,158,19,-2.565023502,5.167075221,-0.503033208,4.467429292
686730,"Spiers, Carson",2024,R,1554,113,30,-2.039690832,5.318771057,-0.079623404,4.180772751
624522,"Thompson, Keegan",2024,R,538,112,38,-1.807187258,5.821872214,-0.030216305,4.447020642
592779,"Stewart, Brock",2024,R,268,142,27,-2.31867504,5.37191976,-0.187594532,4.268934115
663947,"Holton, Tyler",2024,L,1358,116,43,1.722908101,5.890632053,0.043694854,4.317092026
681867,"Criswell, Cooper",2024,R,1755,111,12,-2.79725115,4.977229631,-0.39934396,4.450454475
663436,"Martin, Davis",2024,R,892,145,39,-1.999808277,5.998520422,-0.22209126,4.536434285
674444,"Cruz, Steven",2024,R,82,118,32,-2.328663861,5.608805289,-0.350907687,4.364144542
681869,"Dubin, Shawn",2024,R,840,117,40,-1.877449533,5.788689079,-0.098667985,4.314818428
690829,"Joyce, Ben",2024,R,541,108,28,-2.140311066,5.210122504,-0.03887459,4.099678441
701581,"Festa, David",2024,R,1099,142,56,-0.951203354,6.154696488,0.354048825,4.190241023
642701,"Santana, Dennis",2024,R,1106,134,32,-2.401018576,5.741332002,-0.342628756,4.440307998
650893,"Cabrera, Génesis",2024,L,1030,141,45,1.539473394,5.925805224,-0.167989518,4.21790589
681870,"Sabrowski, Erik",2024,L,198,114,52,1.147070318,6.039903341,-0.328564482,4.158556797
656271,"Burke, Brock",2024,L,575,108,41,1.948851079,6.270215231,0.14937078,4.7089279
681871,"Villalobos, Eli",2024,R,71,146,47,-1.16964721,6.113601838,0.362260568,4.474182786
621199,"Bowman, Matt",2024,R,497,110,36,-1.656560004,5.732351054,-0.013867726,4.526699938
650895,"Castillo, Diego",2024,R,177,142,33,-2.355290472,5.871956185,-0.274221148,4.526495625
664208,"Maton III, Phil",2024,R,1068,121,31,-2.135761154,5.326291518,-0.21351292,4.165103304
702352,"Bivens, Spencer",2024,R,768,137,32,-2.267581422,5.971022547,-0.299073728,4.746984803
656529,"Hentges, Sam",2024,L,351,114,39,1.858926488,6.432973803,-0.099043944,4.838849302
595345,"Okert, Steven",2024,L,616,142,33,2.460110552,5.73228196,0.447693617,4.402288028
683409,"Chivilli, Angel",2024,R,513,115,40,-1.8767931,5.924572997,0.011139889,4.336865347
686993,"Sterner, Justin",2024,R,64,139,41,-1.712302109,5.574872616,-0.086982424,4.186142724
570257,"Rodríguez, Joely",2024,L,249,111,31,2.200863694,5.521621416,0.196353427,4.302855857
656786,"Mushinski, Parker",2024,L,194,117,48,1.51095354,5.607893429,0.053507105,4.008429916
669330,"Wells, Tyler",2024,R,259,110,50,-1.44502758,6.872503214,0.156369211,4.931536654
594835,"Gonzales, Marco",2024,L,546,134,37,1.8164322,5.413874874,0.142613996,4.142039839
661395,"Duran, Jhoan",2024,R,881,142,34,-2.0905064,5.948988128,-0.067970795,4.606181891
676755,"Mattson, Isaac",2024,R,100,134,49,-1.656666785,6.011211578,-0.150815811,4.275233202
683155,"Estes, Joey",2024,R,2027,133,37,-1.782555973,5.862636213,0.032571257,4.479246618
571539,"Carasiti, Matt",2024,R,170,115,36,-1.708028062,5.885067184,0.074982323,4.568418809
641427,"Busenitz, Alan",2024,R,75,113,40,-1.639984073,6.0475674,0.069627723,4.633581778
647315,"Pop, Zach",2024,R,736,141,30,-2.435624101,5.425846525,-0.334588844,4.228320606
657044,"Thompson, Ryan",2024,R,977,109,-6,-3.364642491,3.794305012,-0.881876995,4.047886659
594580,"Moll, Sam",2024,L,624,113,17,2.198361302,5.019438305,0.084350902,4.392262177
650644,"Civale, Aaron",2024,R,2727,158,46,-1.340717614,6.37144627,0.19744888,4.790242458
675989,"Bolton, Cody",2024,R,312,136,33,-1.957877935,5.403441692,0.02219269,4.126448099
687765,"Spence, Mitch",2024,R,2481,133,47,-1.667230162,6.206036402,-0.093042386,4.494798861
641941,"Pagán, Emilio",2024,R,593,113,41,-1.572713002,5.657344094,0.148576041,4.134691482
670102,"Francis, Bowden",2024,R,1558,141,40,-1.860114681,5.917140865,-0.097455351,4.426798382
544150,"Suárez, Albert",2024,R,2233,110,40,-1.778511095,6.231944493,0.023426443,4.719263563
592791,"Taillon, Jameson",2024,R,2483,112,45,-1.57753229,6.136257457,0.06800486,4.491315143
670103,"Burgos, Raymond",2024,L,25,137,24,2.393227037,5.814663647,0.164743904,4.806526417
605335,"Leibrandt, Brandon",2024,L,117,113,52,1.507837025,6.181309966,0.047989829,4.330349557
670871,"Zuñiga, Guillo",2024,R,271,108,25,-2.497240934,5.879619772,-0.326191678,4.861108223
663704,"McArthur, James",2024,R,904,118,32,-2.137413447,5.775766274,0.009846918,4.439785461
676760,"Marinaccio, Ron",2024,R,395,147,34,-2.089390805,5.354743218,-0.166060669,4.064283467
656793,"Nelson, Nick",2024,R,96,143,48,-1.605436866,5.637529754,-0.187904676,4.057787402
656794,"Newcomb, Sean",2024,L,184,133,39,2.086019818,6.258938432,0.100435839,4.660530789
600986,"Vieira, Thyago",2024,R,737,109,47,-1.549334395,6.055756817,0.059679172,4.335625239
681882,"Selby, Colin",2024,R,112,110,50,-1.307364414,5.712296523,0.245844438,3.875131088
661403,"Clase, Emmanuel",2024,R,983,114,53,-1.254590072,6.051747441,0.170125772,4.138711776
671131,"Rutledge, Jackson",2024,R,139,120,38,-1.9521997,6.117370139,-0.141407023,4.702510754
686747,"La Sorsa, Joe",2024,L,271,120,19,2.638013966,5.342746901,0.432041204,4.56719771
622491,"Castillo, Luis",2024,R,2852,136,15,-2.473328916,5.02643802,-0.163504738,4.392772322
502171,"Cobb, Alex",2024,R,242,114,36,-2.294331796,5.54649068,-0.523573173,4.258246568
450203,"Morton, Charlie",2024,R,2789,144,21,-2.603146173,5.459886456,-0.261229173,4.568927846
669084,"Hall, DL",2024,L,782,158,43,1.746178419,5.505122413,0.096814255,3.950480495
607644,"Means, John",2024,L,320,110,45,1.537417649,6.404824996,-0.052015031,4.808776503
676508,"Casparius, Ben",2024,R,156,119,42,-1.657474163,6.005947038,0.065927769,4.443682901
677020,"Walker, Josh",2024,L,215,121,42,1.887954382,6.163292409,0.083576178,4.519605529
657053,"Toussaint, Touki",2024,R,491,145,32,-2.183106281,5.573929287,-0.163151152,4.295896398
669854,"Blanco, Ronel",2024,R,2699,117,46,-1.477616206,6.118267977,0.071682773,4.486559516
676254,"Walker, Ryan",2024,R,1206,137,17,-2.85541654,5.180551179,-0.559706529,4.474054644
613534,"Adams, Austin",2024,R,805,133,11,-2.746654496,5.187591575,-0.535605726,4.76777026
519326,"Strickland, Hunter",2024,R,1157,108,32,-2.301708015,5.880669633,-0.315663562,4.653020648
543135,"Eovaldi, Nathan",2024,R,2621,140,33,-2.605614468,5.507355838,-0.575454586,4.210155175
543391,"Kelly, Casey",2024,R,78,113,52,-1.337696286,6.518818529,0.157081297,4.608407112
489119,"Miley, Wade",2024,L,118,158,50,1.603491826,6.236789417,0.137279826,4.507688264
686751,"Johnson, Seth",2024,R,58,143,53,-1.071600131,6.011195189,0.310164511,4.178070241
642207,"Williams, Devin",2024,R,435,158,23,-2.294417738,5.278291031,-0.376304398,4.446495672
650911,"Sánchez, Cristopher",2024,L,2796,143,32,2.050893953,6.181615424,0.075311103,4.937299007
656288,"Canning, Griffin",2024,R,2869,108,45,-1.513033816,5.900056606,0.045962179,4.331306662
592288,"Emanuel, Kent",2024,L,302,146,24,2.471699258,5.872583193,0.238889872,4.879311333
660896,"Alcala, Jorge",2024,R,930,142,49,-1.535005716,6.526277103,0.040049841,4.698835027
686752,"Pepiot, Ryan",2024,R,2148,139,42,-1.684473943,5.96436935,-0.032050986,4.487714756
663969,"Phillips, Tyler",2024,R,578,143,29,-2.216997016,5.867860612,-0.068616038,4.668565174
667297,"Nance, Tommy",2024,R,322,141,44,-1.667250823,6.20068365,0.106753999,4.50608659
542881,"Anderson, Tyler",2024,L,2913,108,58,0.951801808,6.404276512,-0.232155949,4.534649762
656546,"Hoffman, Jeff",2024,R,990,143,40,-1.824444001,6.038472106,0.090339777,4.452051756
542882,"Andriese, Matt",2024,R,88,146,43,-2.160873244,5.717914171,-0.414268795,4.080427407
657571,"Ferguson, Caleb",2024,L,941,117,39,1.781061844,5.646060288,-0.100375867,4.121593192
605347,"López, Jorge",2024,R,802,112,36,-1.77540877,5.759201836,0.030103855,4.440462928
502179,"Espino, Paolo",2024,R,158,141,47,-1.479891949,5.494802953,-0.117781917,4.021958323
663460,"Bubic, Kris",2024,L,496,118,41,1.857628474,5.680851771,0.148728754,4.173624243
681892,"Funderburk, Kody",2024,L,652,142,37,2.064132434,5.909004179,0.06015111,4.408228909
596133,"Weaver, Luke",2024,R,1362,147,47,-1.397229063,5.704371513,0.1628818,4.055986939
666277,"Soriano, George",2024,R,519,146,21,-2.37572866,5.178665288,-0.180270503,4.317627311
669093,"Estrada, Jeremiah",2024,R,1000,135,64,-0.675910931,5.815302308,0.341768601,3.729534238
678821,"Peralta, Luis",2024,L,181,115,33,2.015139923,5.320899035,0.089312895,4.065251376
643493,"Pruitt, Austin",2024,R,78,140,55,-1.077409228,5.928571928,0.180079611,4.147247291
656550,"Holmes, Grant",2024,R,1023,144,40,-1.89704907,5.943962112,-0.203866805,4.522193907
663462,"Campbell, Isaiah",2024,R,119,111,48,-1.669396799,6.485427262,-0.085371549,4.71250032
608678,"Leone, Dominic",2024,R,361,145,40,-1.671047137,5.803493961,-0.027211178,4.400457639
687014,"Avila, Nick",2024,R,225,137,54,-0.937534839,6.119778089,0.471086677,4.204498034
453286,"Scherzer, Max",2024,R,668,140,29,-2.339673404,5.529144709,-0.34505922,4.411894844
676775,"Winn, Keaton",2024,R,832,137,40,-1.931908597,6.228985278,-0.024362247,4.63217199
622503,"Crismatt, Nabil",2024,R,93,119,34,-2.224623213,5.555901149,-0.33288577,4.258038457
641703,"Honeywell Jr., Brent",2024,R,595,119,45,-1.478267107,6.179913443,0.085539857,4.601713831
593576,"Neris, Héctor",2024,R,1024,117,40,-1.805104392,6.080490963,0.010154735,4.563806124
542888,"Armstrong, Shawn",2024,R,1109,112,40,-1.962667444,5.79957146,-0.185858319,4.313216192
642216,"Winans, Allan",2024,R,138,144,31,-2.022873385,5.845546465,-0.034173799,4.627806708
647336,"Soroka, Michael",2024,R,1442,145,37,-2.067094704,6.095608847,-0.15588717,4.631256251
595881,"Beede, Tyler",2024,R,265,114,31,-2.400965849,5.337152421,-0.28229388,4.0598091
663465,"Allard, Kolby",2024,L,436,143,48,1.596493854,5.532521073,0.114842406,3.881587252
688297,"Roycroft, Chris",2024,R,596,138,21,-2.530618623,5.230153956,-0.181046356,4.321886393
663978,"Paddack, Chris",2024,R,1459,142,46,-1.627627599,6.174691384,0.07140338,4.42242342
622250,"Sborz, Josh",2024,R,284,140,50,-1.339387999,6.296535503,0.13436928,4.544691904
664747,"Díaz, Alexis",2024,R,977,113,10,-2.722673098,4.591562142,-0.569976429,4.21388564
622251,"Staumont, Josh",2024,R,420,142,48,-1.52298311,6.039701781,0.015446583,4.330661478
670124,"Oller, Adam",2024,R,710,146,39,-1.790492785,5.762065893,-0.142031215,4.415047138
656557,"Houck, Tanner",2024,R,2732,111,22,-2.527372265,5.603597476,-0.235451561,4.670585774
678061,"Kerr, Ray",2024,L,383,144,32,1.999770552,5.689374422,-0.001896305,4.425073468
622253,"Tate, Dillon",2024,R,582,141,26,-2.139497277,5.266867172,-0.168041726,4.299475227
656302,"Cease, Dylan",2024,R,3188,135,53,-1.29262721,6.100221031,0.020948344,4.327711186
656814,"Ortiz, Luis",2024,R,10,143,36,-1.873708479,6.054904288,0.008650775,4.687451836
669358,"Baz, Shane",2024,R,1206,139,38,-1.73118672,5.800773159,0.053425619,4.388375123
622766,"Díaz, Miguel",2024,R,10,117,38,-1.788376954,5.848551858,-0.009933494,4.482748922
650671,"Quijada, José",2024,L,379,108,36,2.123676409,5.439217693,0.249903864,4.06711946
676272,"Miller, Bobby",2024,R,1053,119,47,-1.247750154,6.029629386,0.324273532,4.318417847
680880,"Holman, Grant",2024,R,292,133,46,-1.818234864,6.154083633,-0.059846871,4.324938491
687792,"Herz, DJ",2024,L,1586,120,37,1.870260647,5.790294138,0.032714107,4.392995163
641712,"Hudson, Dakota",2024,R,1509,115,36,-1.953134529,6.120058219,0.006268483,4.713689207
657585,"Garrett, Reed",2024,R,965,121,37,-1.701818543,5.592627035,0.073378384,4.244252562
663474,"McKenzie, Triston",2024,R,1299,114,54,-1.046531804,6.473069842,0.286344411,4.643205124
668338,"Miller, Tyson",2024,R,934,112,17,-2.64132559,4.587290194,-0.522867429,3.934992071
671922,"Smith, Cade",2024,R,1166,114,37,-1.898284408,5.744941778,0.030333961,4.278840377
622259,"Wingenter, Trey",2024,R,179,112,29,-2.636821671,5.554253597,-0.418691103,4.322470634
448179,"Hill, Rich",2024,L,71,111,19,2.84669182,4.632868074,0.773572225,3.913742758
669620,"Basso, Brady",2024,L,350,133,56,1.22848093,6.579113094,-0.099031871,4.611074158
663989,"Vespi, Nick",2024,L,169,110,49,1.379665837,6.43510419,-0.161660495,4.67077967
680885,"Schwellenbach, Spencer",2024,R,1887,144,33,-2.258937003,5.439915631,-0.521847221,4.30182178
814005,"Bloss Jr., Jake",2024,R,238,117,46,-1.351663144,5.742601784,0.151733655,4.178192263
621237,"Alvarado, José",2024,L,1017,143,65,0.520681936,6.654396056,-0.532439311,4.374738651
458677,"Wilson, Justin",2024,L,816,113,48,1.363300852,6.367898883,-0.190435925,4.614776956
593334,"Germán, Domingo",2024,R,373,134,31,-2.472590158,5.501761205,-0.288958859,4.212455881
669622,"Bender, Anthony",2024,R,954,146,18,-2.488569873,5.465578345,-0.299183067,4.754622388
676534,"Faucher, Calvin",2024,R,987,146,50,-1.549367027,6.000636461,-0.085313263,4.252633598
620982,"Pinto, Ricardo",2024,R,220,143,48,-1.478639549,6.057462512,0.144668445,4.264405984
687798,"Robertson, Nick",2024,R,217,141,32,-2.191582389,5.674750164,-0.259803702,4.448970651
669111,"McMillon, John",2024,R,180,146,41,-1.740051851,5.621307298,-0.059115124,4.177354297
681911,"Vesia, Alex",2024,L,1090,119,61,0.782437634,5.897951506,-0.337537976,3.850695326
643511,"Rogers, Tyler",2024,R,992,137,-64,-2.699542501,1.099833445,-1.670734337,3.218667563
663992,"Lovelady, Richard",2024,L,528,139,19,2.527246781,5.239852285,0.538821307,4.572021897
666808,"Doval, Camilo",2024,R,1116,137,19,-2.202510602,5.472683161,-0.014432808,4.705870086
642232,"Yarbrough, Ryan",2024,L,1476,141,13,3.187573511,5.017419963,0.912924845,4.472438969
643256,"Cimber, Adam",2024,R,416,108,-23,-3.431033549,2.401641535,-1.345420129,3.282383554
595897,"Burdi, Nick",2024,R,210,147,24,-2.336017176,5.424774125,-0.029513486,4.410028481
547001,"Poteet, Cody",2024,R,384,147,39,-1.806329169,6.200097195,-0.095289092,4.810889586
693433,"Woo, Bryan",2024,R,1715,136,27,-2.215593995,5.045468083,-0.262401298,4.056588193
518585,"Cruz, Fernando",2024,R,1138,113,45,-1.667858134,6.02879495,-0.100752199,4.437668922
458681,"Lynn, Lance",2024,R,2038,138,32,-2.57663691,5.578936513,-0.54915856,4.313939074
663738,"Lynch IV, Daniel",2024,L,631,118,39,1.560621004,6.020127745,-0.24881999,4.546219341
676282,"Cantillo, Joey",2024,L,711,114,55,0.968661646,5.949907873,-0.297948591,4.117452305
681402,"Varland, Gus",2024,R,453,145,48,-1.217398716,5.367062538,0.238707202,3.726493174
621242,"Díaz, Edwin",2024,R,951,121,20,-2.728305173,4.916176905,-0.709512473,4.163993361
571578,"Corbin, Patrick",2024,L,2888,120,39,1.794949231,6.250662081,-0.063457206,4.770926002
680891,"Neely, Jack",2024,R,98,112,34,-2.185093151,6.121311132,-0.264076484,4.818790108
669372,"Ginn, J.T.",2024,R,515,133,42,-1.85977287,5.651322026,-0.141562281,4.12102886
621244,"Berríos, José",2024,R,2907,141,40,-2.150074952,5.61183549,-0.3531709,4.127688849
663485,"Sands, Cole",2024,R,1154,142,26,-2.346828612,5.751031431,-0.230410032,4.721914214
669373,"Skubal, Tarik",2024,L,2827,116,48,1.873428526,6.171310716,0.169814866,4.271410771
677053,"Nardi, Andrew",2024,L,906,146,47,1.869489026,5.813996301,0.288713821,4.137474707
694973,"Skenes, Paul",2024,R,2125,134,23,-2.756957058,5.664498999,-0.552281639,4.714925331
679358,"Orze, Eric",2024,R,42,121,45,-1.206029392,5.841555165,0.413740309,4.214915996
554430,"Wheeler, Zack",2024,R,3133,143,25,-2.674007477,5.228239171,-0.4150015,4.190932002
694462,"Waldrep, Hurston",2024,R,133,144,56,-1.033864641,6.310379309,0.377455067,4.238986394
641726,"Jefferies, Daulton",2024,R,281,134,31,-2.101070529,5.790985985,-0.325532054,4.727545529
682175,"Jacques, Joe",2024,L,50,109,10,2.759085004,4.473023289,0.469148667,4.064913633
554431,"Matzek, Tyler",2024,L,179,144,50,1.462724507,6.250109042,-0.055903279,4.426045196
642239,"Zastryzny, Rob",2024,L,119,158,42,2.052749225,5.652599286,0.393929114,4.182586452
552640,"Kittredge, Andrew",2024,R,1011,138,39,-1.736974587,5.770238123,-0.031566416,4.378426797
640448,"Finnegan, Kyle",2024,R,1066,120,50,-1.021797955,5.72827354,0.374476053,4.042453641
605121,"Anderson, Justin",2024,R,945,145,36,-1.939243501,5.679988428,-0.0804479,4.342834537
680897,"Nastrini, Nick",2024,R,734,145,45,-1.515410743,5.903665396,0.105651733,4.287206705
641729,"Jiménez, Joe",2024,R,1104,144,31,-1.997843316,5.653408623,-0.036435498,4.456851383
666818,"Frías, Luis",2024,R,229,141,49,-1.416918373,6.467475458,0.2061004,4.627572157
622786,"Tinoco, Jesus",2024,R,644,146,25,-2.237609707,5.265570718,-0.148549364,4.271977123
665795,"Cabrera, Edward",2024,R,1734,146,42,-1.695477318,6.151949261,0.106613598,4.528603851
640451,"Harvey, Hunter",2024,R,906,118,44,-1.323808588,5.786132799,0.239556433,4.271918098
592836,"Walker, Taijuan",2024,R,1356,143,41,-1.901237302,6.452843914,-0.109563368,4.917624197
668868,"Thompson, Zack",2024,L,317,138,55,1.037893643,5.935938334,-0.307643328,3.997801277
573124,"Rogers, Taylor",2024,L,1060,137,29,1.907909639,5.67179932,-0.167882012,4.514249886
606149,"Gallegos, Giovanny",2024,R,401,138,58,-0.930345206,6.733642468,0.317575449,4.711747597
672710,"Contreras, Roansy",2024,R,1075,108,49,-1.125996931,5.932480891,0.373272648,4.234690856
686790,"McDonald, Trevor",2024,R,39,137,32,-2.356392475,5.104446235,-0.324171475,3.83197512
640454,"Krook, Matt",2024,L,27,110,27,2.452011904,5.852488322,0.289144494,4.733141312
640455,"Manaea, Sean",2024,L,2995,121,23,2.935934901,5.424964826,0.763432527,4.522073144
527048,"Pérez, Martín",2024,L,2204,135,47,1.555468196,5.729436451,-0.015919957,4.042135197
664776,"Cousins, Jake",2024,R,644,147,24,-2.358322496,5.673729513,-0.27905726,4.73567114
672456,"Montero, Keider",2024,R,1539,116,43,-1.620868695,5.834590972,0.017782609,4.302391932
541640,"Ramírez, Erasmo",2024,R,302,139,36,-1.974257066,5.452767377,-0.310553679,4.238157015
657097,"Webb, Jacob",2024,R,949,110,32,-2.25040868,5.536554995,-0.312435113,4.326680182
668873,"Kilian, Caleb",2024,R,167,112,51,-1.212825305,6.1550056,0.168605283,4.436717659
668874,"Henley, Blair",2024,R,39,117,30,-2.158440897,5.355076818,-0.163341272,4.204886512
605130,"Barlow, Scott",2024,R,1015,114,28,-2.214323062,5.270097346,-0.146890856,4.152144954
434378,"Verlander, Justin",2024,R,1580,117,55,-1.264970241,7.096642194,0.15464905,5.087383939
641482,"Cortes Jr., Nestor",2024,L,2849,147,47,1.682285737,5.719698124,0.284415181,4.215706158
669387,"Mlodzinski, Carmen",2024,R,866,134,26,-2.177380104,5.089092755,-0.169335094,4.093380948
607179,"Weems, Jordan",2024,R,733,120,49,-1.105251312,6.022128589,0.458754148,4.229820957
686539,"Cronin, Declan",2024,R,1096,146,22,-2.444921673,5.268366278,-0.055668967,4.311631818
695243,"Miller, Mason",2024,R,1024,133,34,-2.162280814,6.056810284,-0.14260596,4.696207808
700363,"Smith-Shawver, AJ",2024,R,116,144,51,-1.196983975,5.933275264,0.331342622,4.055080774
701643,"Hartwig, Grant",2024,R,118,121,14,-2.824687492,4.838026966,-0.586264744,4.294850554
657612,"Hill, Tim",2024,L,982,147,-20,3.102259694,3.142473894,0.877205957,3.934527787
592332,"Gausman, Kevin",2024,R,2864,141,36,-2.077908162,5.678879996,-0.142277123,4.264454113
477132,"Kershaw, Clayton",2024,L,504,119,57,1.121004838,6.131438085,-0.104805632,4.268219343
681676,"Fernandez, Ryan",2024,R,1191,138,53,-1.151353926,5.781992199,0.249400317,3.945509938
686796,"Walston, Blake",2024,L,343,109,33,2.104276249,6.021407004,0.101864553,4.73026534
608717,"Stratton, Chris",2024,R,995,118,35,-1.952843345,5.854521852,0.022688691,4.467602911
679885,"Martinez, Justin",2024,R,1176,109,42,-1.809375768,6.251242601,-0.060974157,4.677376625
527054,"Teheran, Julio",2024,R,68,121,21,-2.80827324,5.023270971,-0.714908243,4.22342553
608718,"Suter, Brent",2024,L,1022,113,56,1.114291703,6.290475018,-0.057801731,4.575350393
678606,"Ferrer, Jose A.",2024,L,476,120,35,2.154760453,5.911123878,0.2873328,4.582079099
640462,"Puk, A.J.",2024,L,1173,109,28,2.319097173,5.551643685,0.085879872,4.339213313
669391,"White, Owen",2024,R,69,140,45,-1.771536286,5.876991803,-0.155394911,4.244339535
605135,"Bassitt, Chris",2024,R,2959,141,35,-2.062586335,5.522316044,0.040983214,4.032917895
686799,"Kochanowicz, Jack",2024,R,859,108,28,-2.46207112,5.918427482,-0.216155148,4.712818149
455119,"Martin, Chris",2024,R,657,111,41,-2.003624587,6.11022358,-0.135714668,4.506945289
656848,"Petersen, Michael",2024,R,363,146,48,-1.333994365,6.299976776,0.305965707,4.467661411
606160,"Montero, Rafael",2024,R,677,117,35,-1.929153865,5.088894019,-0.03562767,3.787285855
650960,"Duarte, Daniel",2024,R,56,142,39,-1.492513818,5.53076537,0.14401318,4.190728823
656849,"Peterson, David",2024,L,1879,121,41,1.760537691,6.129128564,-0.118315903,4.502193573
668881,"Greene, Hunter",2024,R,2563,113,32,-2.274181955,5.971106818,-0.317083326,4.750401013
670161,"Dunshee, Parker",2024,R,51,144,35,-1.906386338,5.943875794,-0.115311752,4.704624791
641745,"Keller, Brad",2024,R,743,111,49,-1.295761181,6.359282467,0.225982669,4.583688705
606930,"Barnes, Jacob",2024,R,1117,120,43,-1.523721894,5.698543707,0.21547262,4.069630446
694738,"Roupp, Landen",2024,R,907,137,27,-2.399373457,5.254297181,-0.363500978,4.239054584
702674,"Dana, Caden",2024,R,206,108,44,-1.608871259,6.035332991,-0.013739283,4.4861761
669395,"Coleman, Dylan",2024,R,16,117,35,-1.689548615,6.053288957,0.217815268,4.698127674
674003,"Bradford, Cody",2024,L,1175,140,57,1.058774612,6.224358041,-0.270132689,4.206505137
608723,"Voth, Austin",2024,R,974,136,37,-1.79652533,5.685936109,-0.047483631,4.350308467
675540,"Curry, Xzavion",2024,R,635,146,60,-0.853066854,6.00460852,0.294313317,4.036655806
677076,"Andrews, Clayton",2024,L,15,147,37,1.759942479,5.406146831,0.104866191,4.176160784
663765,"Woodford, Jake",2024,R,618,134,27,-2.527556844,5.174969931,-0.486585833,4.114325043
605397,"Musgrove, Joe",2024,R,1566,135,36,-2.298227466,6.35596654,-0.225187686,4.875489219
594902,"Lively, Ben",2024,R,2405,114,38,-1.741676368,5.224825701,-0.067517073,3.930023925
686294,"Willingham, Amos",2024,R,20,120,46,-1.591177342,5.833464286,0.046703226,4.111312282
640470,"Alzolay, Adbert",2024,R,329,112,42,-1.705611579,6.24595476,-0.004113017,4.701458563
663767,"Shugart, Chase",2024,R,142,111,35,-1.976876841,5.402428031,-0.256308603,4.183199283
670167,"Schreiber, John",2024,R,904,118,9,-2.883115457,4.225456671,-0.609863145,3.862557904
571863,"Koch, Matt",2024,R,23,115,36,-1.946907084,5.71089008,-0.121850496,4.400717147
658648,"Avila, Pedro",2024,R,1419,114,45,-1.681233814,5.781080809,-0.016615217,4.111801815
595928,"Curtiss, John",2024,R,38,115,41,-1.892325316,6.318012887,-0.179837543,4.854447394
669912,"Snead, Kirby",2024,L,196,136,15,2.673792921,5.079144673,0.460470405,4.470340847
605400,"Nola, Aaron",2024,R,3189,143,20,-2.401194614,5.024567251,-0.24431071,4.236191174
607192,"Glasnow, Tyler",2024,R,1933,119,58,-1.123653169,6.054329686,0.174062665,3.984981781
676568,"Vanasco, Ricky",2024,R,45,116,51,-1.143077797,5.697095551,0.376904417,3.791944421
681432,"Little, Luke",2024,L,437,112,26,2.463785942,5.501502627,0.207819626,4.384560929
621016,"Cuas, Jose",2024,R,319,141,3,-3.260402877,4.192383342,-0.808664665,4.057726796
642520,"Garabito, Gerson",2024,R,492,140,44,-1.908833075,5.731467982,-0.241772855,4.136518987
518617,"Diekman, Jake",2024,L,593,121,20,2.79611907,5.572959958,0.513089829,4.757135344
622554,"Domínguez, Seranthony",2024,R,1070,110,29,-2.070521813,5.443929089,-0.09293618,4.326644604
641755,"Kinley, Tyler",2024,R,1160,115,45,-1.490260904,6.451982863,0.130094086,4.832219468
518876,"Kelly, Merrill",2024,R,1142,109,25,-2.237103148,5.484696866,-0.245301844,4.5406744
656605,"Keller, Mitch",2024,R,2850,134,35,-1.951370833,5.753188602,-0.161973874,4.512436427
663773,"Hoeing, Bryan",2024,R,808,135,35,-1.82092504,6.119499676,0.02606952,4.820051161
664285,"Valdez, Framber",2024,L,2604,117,43,1.745486985,6.003394976,0.156274222,4.534450928
592094,"Adam, Jason",2024,R,1141,135,35,-2.051815674,6.145631318,-0.082986111,4.76449565
670174,"Winckowski, Josh",2024,R,1240,111,51,-1.156976924,6.031915777,0.267914786,4.270517621
592351,"Gray, Jon",2024,R,1620,140,32,-2.077551671,5.604826794,-0.130421725,4.369059074
607455,"Banda, Anthony",2024,L,774,119,34,2.031404696,5.421350176,0.055459031,4.068482646
657376,"Schmidt, Clarke",2024,R,1454,147,35,-1.921960094,5.640658215,0.012585028,4.280150258
663776,"Sandoval, Patrick",2024,L,1442,108,53,1.144392369,6.057230378,-0.175039637,4.313792057
607200,"Fedde, Erick",2024,R,2891,138,37,-1.771194661,5.826041079,0.119665064,4.3881297
678368,"Bellozo, Valente",2024,R,1094,146,46,-1.459547995,6.106523364,0.067291418,4.549321914
683232,"Mears, Nick",2024,R,1038,158,61,-0.625714833,6.160924984,0.468462979,4.206807449
642016,"Robert, Daniel",2024,R,103,140,35,-2.049006063,6.072622318,-0.138654247,4.724482838
642528,"Loáisiga, Jonathan",2024,R,61,147,42,-1.660886736,5.425758274,-0.010415739,3.922620622
656353,"Davidson, Tucker",2024,L,67,110,59,0.976214664,6.121716779,-0.180431975,4.228889913
656354,"Davis, Austin",2024,L,142,135,24,2.542280822,5.319601581,0.421285155,4.366394463
592866,"Williams, Trevor",2024,R,1064,120,17,-2.754454433,4.983168342,-0.50903836,4.302989584
605154,"Brebbia, John",2024,R,994,144,41,-1.625316138,5.874700349,0.052017023,4.431563261
687330,"Kelly, Kevin",2024,R,1032,139,3,-2.7095155,3.715632582,-0.628791204,3.605741282
669923,"Kirby, George",2024,R,2967,136,37,-1.796165269,5.866820339,0.148128343,4.420407644
605155,"Brewer, Colten",2024,R,391,112,35,-1.902658451,6.027718304,0.032572992,4.656239975
686563,"Cannon, Jonathan",2024,R,2027,145,25,-2.673735016,5.798815908,-0.50030585,4.781583415
605156,"Brooks, Aaron",2024,R,403,133,41,-1.849267437,6.305671615,-0.092354777,4.766574701
690916,"Fitts, Richard",2024,R,314,111,54,-1.144526201,6.126313211,0.25345671,4.191422568
691172,"Zulueta, Yosver",2024,R,286,113,29,-2.200144314,5.765727704,-0.112312872,4.612723044
628452,"Iglesias, Raisel",2024,R,928,144,33,-2.266652652,5.540949158,-0.282331258,4.227578574
628708,"Marte, Yunior",2024,R,482,143,33,-2.295514938,5.55147797,-0.264096647,4.226805648
668390,"Winn, Cole",2024,R,286,140,41,-1.952998072,5.50048785,-0.186209175,3.961176842
670950,"Richards, Trevor",2024,R,1180,142,52,-1.135537842,6.279575741,0.331745384,4.384528124
681190,"Vásquez, Randy",2024,R,1687,135,37,-1.845231292,5.946454196,0.031473772,4.54504294
489446,"Yates, Kirby",2024,R,1027,140,22,-2.292425456,5.262792795,-0.350166941,4.496881437
445926,"Chavez, Jesse",2024,R,1071,144,22,-2.103295173,5.140114275,-0.16117493,4.37295467
518886,"Kimbrel, Craig",2024,R,963,110,26,-2.125301471,4.798646586,-0.33423062,3.920556632
684007,"Imanaga, Shota",2024,L,2589,112,40,1.862136899,5.426685989,0.167486071,4.027273728
687847,"Church, Marc",2024,R,15,140,57,-0.855869106,6.449327021,0.414839643,4.512437689
673513,"Matsui, Yuki",2024,L,1029,135,57,1.143741309,5.968702559,-0.00121035,4.229526688
677865,"Bruihl, Justin",2024,L,99,134,40,1.950934253,5.466927264,0.354577785,4.149969201
685801,"Bigge, Hunter",2024,R,300,139,51,-1.299624697,5.667747482,0.042259984,3.999761595
669674,"Long, Sam",2024,L,725,118,56,1.245867274,6.018366443,-0.066521277,4.076610311
686826,"Jarvis, Bryce",2024,R,1006,109,36,-1.797015976,5.648481984,-0.074287215,4.402919838
571882,"Law, Derek",2024,R,1368,120,51,-1.229722496,6.487925936,0.177531036,4.741665125
663531,"Allen, Logan",2024,L,470,109,44,1.65399377,6.067321643,0.005438171,4.493015986
664299,"Javier, Cristian",2024,R,570,117,38,-1.91551238,5.801434349,-0.033133217,4.308151265
670955,"Uceta, Edwin",2024,R,672,139,17,-2.765362962,4.683836346,-0.653298528,4.047119835
688107,"Gasser, Robert",2024,L,399,158,25,2.466406342,4.957195179,0.416143139,4.014925496
625643,"López, Reynaldo",2024,R,2106,144,42,-1.662427291,5.83105612,-0.11386834,4.441682113
641771,"Kuhl, Chad",2024,R,980,145,26,-2.331768446,5.286874688,-0.365731534,4.338873729
656876,"Rasmussen, Drew",2024,R,459,139,54,-1.18169644,5.892355402,0.159376241,4.04389477
671212,"Boyle, Joe",2024,R,964,133,48,-1.33386875,6.224137853,0.272073286,4.425977985
642028,"Rogers, Josh",2024,L,170,115,36,2.098679635,5.901987469,0.242672789,4.577811784
662253,"Muñoz, Andrés",2024,R,951,136,29,-1.87721752,5.175029608,-0.029935474,4.14717972
668909,"Williams, Gavin",2024,R,1361,114,35,-2.09935186,5.861795675,-0.211257536,4.520651037
669165,"Hurt, Kyle",2024,R,58,119,42,-1.766384854,5.782303196,-0.036876111,4.249374915
674285,"Salazar, Eduardo",2024,R,494,120,34,-1.956488005,5.502856534,-0.066765553,4.251397416
682989,"Mederos, Victor",2024,R,107,108,37,-1.954743591,5.694030533,-0.181666723,4.360516596
690925,"Beeter, Clayton",2024,R,51,147,53,-1.157695539,6.214954873,0.236490958,4.332608325
669422,"Sauer, Matt",2024,R,327,118,45,-1.386027726,5.96667246,0.212235036,4.391620595
680686,"Gray, Josiah",2024,R,176,120,31,-2.358698703,5.103982771,-0.26770291,3.842803228
682990,"Priester, Quinn",2024,R,810,111,43,-1.607471401,5.95366144,0.151928922,4.337187478
621294,"Heller, Ben",2024,R,255,134,29,-2.151066565,5.690438743,-0.028195625,4.523830346
691951,"Aldegheri, Sam",2024,L,222,108,38,1.748092067,6.032657005,0.054573028,4.712860982
572143,"Smith, Burch",2024,R,896,110,39,-1.773899959,5.697245908,-0.056128413,4.302477775
519151,"Pressly, Ryan",2024,R,970,117,57,-1.016714216,5.96275707,0.238025521,4.014231303
657649,"Koenig, Jared",2024,L,1024,158,31,2.455980269,5.878109653,0.480965503,4.675570268
669169,"Heasley, Jonathan",2024,R,108,110,53,-1.195743584,6.04461453,0.198601839,4.195635024
680689,"Richardson, Lyon",2024,R,26,113,32,-2.095968717,5.569228603,-0.211547066,4.397817764
622065,"Young, Alex",2024,L,267,121,30,2.000585274,5.931182116,-0.000577065,4.759362412
691441,"Mena, Cristian",2024,R,70,109,48,-1.333752032,6.146120765,0.137229571,4.498737736
642546,"Hernández, Jonathan",2024,R,761,136,26,-2.278107717,5.446767561,-0.189028999,4.422395633
543475,"Lyles, Jordan",2024,R,72,118,43,-1.738304741,5.9272309,0.020014172,4.286337132
676083,"Junk, Janson",2024,R,175,133,55,-1.101109046,5.773289454,0.203969826,3.943377445
682227,"Williamson, Brandon",2024,L,256,113,46,1.578232702,6.713892141,-0.145011314,4.929035081
685299,"Gordon, Tanner",2024,R,606,115,47,-1.618877613,6.180132792,0.061317716,4.395735509
642547,"Peralta, Freddy",2024,R,3147,158,37,-2.171440117,5.278745725,-0.387692852,3.939143722
676596,"Fleming, Josh",2024,L,531,134,28,2.284034548,5.381780641,0.191524365,4.283024158
679156,"Pennington, Walter",2024,L,330,140,29,2.526611288,5.768216469,0.436615803,4.624643006
686580,"Slaten, Justin",2024,R,811,111,52,-1.625598994,6.064979577,-0.126525158,4.166999808
656629,"Kopech, Michael",2024,R,1143,119,45,-1.590658786,5.718210198,-0.081539144,4.220991432
606965,"Devenski, Chris",2024,R,533,139,43,-1.557709668,6.418662118,0.110353043,4.837443185
663542,"Hudson, Bryan",2024,L,927,158,13,2.906346651,5.020289697,0.437529855,4.434065435
680694,"Bradish, Kyle",2024,R,674,110,58,-0.907609235,6.354847691,0.247735783,4.502538498
656887,"Reid-Foley, Sean",2024,R,379,121,46,-1.571855436,5.493294287,-0.049050509,3.9199457
687863,"Hodge, Porter",2024,R,641,112,41,-1.828501025,5.695063312,-0.152794438,4.254412916
598264,"Barnes, Matt",2024,R,237,120,44,-1.56723031,6.472706145,0.181498824,4.758917173
669432,"Rogers, Trevor",2024,L,2243,110,23,2.468977066,5.706552368,0.236450992,4.771702789
622072,"Wood, Alex",2024,L,751,133,18,2.796178874,4.779331689,0.444712527,4.010534345
623352,"Hader, Josh",2024,L,1201,117,34,2.11187074,5.713555291,0.154013001,4.392951213
605177,"Chafin, Andrew",2024,L,967,140,50,1.606229504,6.269724301,0.116615788,4.49807513
671737,"Bradley, Taj",2024,R,2294,139,54,-1.298487123,6.105737523,0.013338093,4.275271619
607481,"Bummer, Aaron",2024,L,1002,144,7,2.628213019,5.127556311,0.303050274,4.830698616
683769,"Gaddis, Hunter",2024,R,1075,114,34,-2.108492631,6.154092785,-0.114687159,4.796770657
663546,"Hjelle, Sean",2024,R,1209,137,28,-2.223239156,6.426972174,0.048490647,5.214660385
670970,"Morejon, Adrian",2024,L,1053,135,43,1.756019803,5.811890823,0.125774449,4.303193933
678394,"Bello, Brayan",2024,R,2709,111,28,-2.293681336,5.179998568,-0.255249029,4.084940225
678906,"Teng, Kai-Wei",2024,R,204,137,24,-2.47141682,5.48966593,-0.479119467,4.611303202
666619,"Santos, Gregory",2024,R,112,136,34,-2.095431689,5.763616378,-0.032752531,4.397904773
683003,"Jones, Jared",2024,R,1912,134,45,-1.598307722,5.538928489,-0.051151918,4.011014095
621051,"Wilson, Steven",2024,R,623,145,43,-1.829451688,5.617391164,-0.211208229,4.090308233
622075,"Almonte, Yency",2024,R,266,112,39,-2.139622717,5.831291155,-0.219444434,4.253908467
689147,"Kerkering, Orion",2024,R,1063,143,31,-2.215434379,5.651567737,-0.21379688,4.44238164
676092,"Snider, Collin",2024,R,676,136,20,-2.469626051,5.200441563,-0.238065332,4.376486624
676604,"Zuber, Tyler",2024,R,75,139,35,-1.808028581,5.170172037,-0.080520234,3.958924945
683004,"Leiter, Jack",2024,R,669,140,50,-1.400490996,5.656046446,-0.049804943,4.025469966
523260,"Kelly, Joe",2024,R,544,119,28,-2.216199639,5.246125444,-0.282740347,4.21878603
621053,"Ferguson, Tyler",2024,R,819,133,27,-2.820998163,5.845585311,-0.658768022,4.754367996
695549,"Jobe, Jackson",2024,R,63,116,46,-1.394409918,5.812898906,0.116144191,4.269230916
700669,"Graceffo, Gordon",2024,R,105,138,48,-1.495052521,5.874230948,0.020114618,4.201616769
518397,"Alexander Jr., Scott",2024,L,566,133,37,1.928147232,5.721226756,0.133804338,4.388575157
656638,"Lange, Alex",2024,R,377,116,43,-1.525338761,5.748304744,0.189971253,4.137869734
669438,"Englert, Mason",2024,R,365,116,33,-2.371512748,5.633112994,-0.399460575,4.345307595
605182,"Clevinger, Mike",2024,R,303,145,41,-1.787238054,5.627923834,-0.059237772,4.13324254
681982,"Anderson, Grant",2024,R,483,140,-3,-3.181969858,4.157328318,-1.036778367,4.266337138
703231,"Meeker III, James",2024,R,16,158,29,-2.423357072,5.595804785,-0.420463803,4.479972633
