,playerid,Name,Prev WAR,Age,Years,AAV,Season
0,12856,George Springer,1.9150160551071167,31,6.0,25000000.0,2021
1,11739,J.T. Realmuto,1.8558013439178467,30,5.0,23100000.0,2021
2,12703,Trevor Bauer,2.5622899532318115,30,3.0,21468588.66666667,2021
3,13431,Marcus Stroman,,30,1.0,18900000.0,2021
4,14107,Kevin Gausman,1.577816367149353,30,1.0,18900000.0,2021
5,3548,Liam Hendriks,1.3998442888259888,32,3.0,18000000.0,2021
6,12533,Marcus Semien,0.2760644257068634,30,1.0,18000000.0,2021
7,5235,Justin Turner,1.3447016477584839,36,2.0,17000000.0,2021
8,10324,Marcell Ozuna,2.64262056350708,30,5.0,16250000.0,2021
9,4106,Michael Brantley,1.0846335887908936,34,2.0,16000000.0,2021
10,9874,DJ LeMahieu,2.3149218559265137,32,6.0,15000000.0,2021
11,4676,Charlie Morton,0.8887441158294678,37,1.0,15000000.0,2021
12,6012,Didi Gregorius,0.6859845519065857,31,2.0,14000000.0,2021
13,2434,Nelson Cruz,1.9460561275482178,40,1.0,13000000.0,2021
14,12984,Jackie Bradley Jr.,1.545050859451294,31,2.0,12000000.0,2021
15,2429,Corey Kluber,0.015580969862639904,35,1.0,11000000.0,2021
16,11760,Drew Smyly,0.9483680725097656,32,1.0,11000000.0,2021
17,10745,Trevor Rosenthal,0.7819249033927917,31,1.0,11000000.0,2021
18,10847,Andrelton Simmons,0.4669722020626068,31,1.0,10500000.0,2021
19,9111,Brad Hand,1.1040483713150024,31,1.0,10500000.0,2021
20,12859,James McCann,1.4441581964492798,31,4.0,10150000.0,2021
21,9784,Garrett Richards,0.7209107875823975,33,1.0,10000000.0,2021
22,6397,Jake Odorizzi,-0.048907507210969925,31,3.0,9833333.33333333,2021
23,10021,Mike Minor,0.8433080911636353,33,2.0,9000000.0,2021
24,7007,Yadier Molina,0.7174965143203735,38,1.0,9000000.0,2021
25,11836,Taijuan Walker,0.5816729068756104,28,3.0,9000000.0,2021
26,2396,Carlos Santana,0.7658568620681763,35,2.0,8750000.0,2021
27,12572,Blake Treinen,0.5122474431991577,33,4.0,8750000.0,2021
28,12532,Kolten Wong,1.0976582765579224,30,3.0,8666666.66666667,2021
29,11828,James Paxton,0.2972722053527832,32,1.0,8500000.0,2021
30,2233,Adam Wainwright,1.0257991552352905,39,1.0,8000000.0,2021
31,11486,Robbie Ray,-0.43427574634552,29,1.0,8000000.0,2021
32,12155,Eddie Rosario,0.7055391669273376,29,1.0,8000000.0,2021
33,7410,J.A. Happ,0.571775496006012,38,1.0,8000000.0,2021
34,11423,Jose Quintana,0.16609184443950653,32,1.0,8000000.0,2021
35,6398,Trevor May,0.3991050720214844,31,2.0,7750000.0,2021
36,10472,Enrique Hernández,0.26317575573921204,29,2.0,7000000.0,2021
37,16478,Kyle Schwarber,0.47178953886032104,28,1.0,7000000.0,2021
38,27506,Ha-Seong Kim,,25,4.0,7000000.0,2021
39,11205,Adam Eaton,-0.3315354585647583,32,1.0,7000000.0,2021
40,11899,Joc Pederson,-0.07853612303733826,29,1.0,7000000.0,2021
41,10815,Jurickson Profar,0.9405708909034729,28,3.0,6666666.66666667,2021
42,6345,Chris Archer,,32,1.0,6500000.0,2021
43,5420,Pedro Báez,0.11832447350025177,33,2.0,6250000.0,2021
44,6661,Alex Colomé,0.5937982797622681,32,1.0,6250000.0,2021
45,12371,Tommy La Stella,1.287744164466858,32,3.0,6250000.0,2021
46,4153,Jake Arrieta,0.5085259675979614,35,1.0,6000000.0,2021
47,12918,Archie Bradley,0.595491349697113,28,1.0,6000000.0,2021
48,13050,Anthony DeSclafani,-0.05449938401579857,31,1.0,6000000.0,2021
49,9073,Kirby Yates,-0.03193672001361847,34,1.0,5500000.0,2021
50,10556,César Hernández,1.8524460792541504,31,1.0,5000000.0,2021
51,5254,Robbie Grossman,1.5415334701538086,31,2.0,5000000.0,2021
52,4930,Jon Lester,0.22136056423187256,37,1.0,5000000.0,2021
53,10950,Adam Duvall,0.965488612651825,32,1.0,5000000.0,2021
54,6902,Martín Pérez,0.4486618638038635,30,1.0,5000000.0,2021
55,11265,Jonathan Schoop,1.517228126525879,29,1.0,4500000.0,2021
56,13781,Alex Wood,-0.0026663029566407204,30,1.0,4250000.0,2021
57,13896,Chris Flexen,,26,3.0,4250000.0,2021
58,6895,Chase Anderson,-0.14617310464382172,33,1.0,4000000.0,2021
59,11490,Aaron Sanchez,,28,1.0,4000000.0,2021
60,10071,Jonathan Villar,-1.1324973106384277,30,1.0,3550000.0,2021
61,12775,Brad Miller,0.6832153797149658,31,1.0,3500000.0,2021
62,8722,Jason Castro,0.1966235339641571,34,2.0,3500000.0,2021
63,6941,Joakim Soria,0.5183293223381042,37,1.0,3500000.0,2021
64,12910,Ken Giles,-0.209177166223526,30,2.0,3500000.0,2021
65,7754,Mike Fiers,0.6033939123153687,36,1.0,3500000.0,2021
66,11589,José Ureña,-0.059588558971881866,29,1.0,3250000.0,2021
67,12434,Kevin Pillar,0.6334822773933411,32,2.0,3250000.0,2021
68,27505,Kohei Arihara,,28,2.0,3100000.0,2021
69,15464,Hunter Renfroe,-0.13373790681362152,29,1.0,3100000.0,2021
70,6797,Julio Teheran,-0.8090681433677673,30,1.0,3000000.0,2021
71,4264,Mark Melancon,0.2661072611808777,36,1.0,3000000.0,2021
72,10343,Aaron Loup,0.19620782136917114,33,1.0,3000000.0,2021
73,16137,Carlos Rodón,0.12276077270507812,28,1.0,3000000.0,2021
74,9939,Brandon Kintzler,-0.17123039066791534,36,1.0,3000000.0,2021
75,14078,Michael Wacha,0.04279496520757675,29,1.0,3000000.0,2021
76,5497,Marwin Gonzalez,0.4044700264930725,32,1.0,3000000.0,2021
77,13265,Mike Zunino,-0.23167884349822998,30,2.0,3000000.0,2021
78,1890,Matt Moore,,32,1.0,3000000.0,2021
79,4338,Tyler Chatwood,0.41778868436813354,31,1.0,3000000.0,2021
80,12988,Andrew Chafin,-0.0034637078642845154,31,1.0,2750000.0,2021
81,7196,Greg Holland,0.7596569657325745,35,1.0,2750000.0,2021
82,13744,David Dahl,-1.0241446495056152,27,1.0,2700000.0,2021
83,4301,Justin Wilson,0.4892718195915222,33,2.0,2575000.0,2021
84,9927,Brett Gardner,0.42736342549324036,37,2.0,2575000.0,2021
85,4020,Yusmeiro Petit,0.11594628542661667,36,1.0,2550000.0,2021
86,7550,Jake McGee,0.6720096468925476,34,2.0,2500000.0,2021
87,12880,Tyler Anderson,0.7802599668502808,31,1.0,2500000.0,2021
88,4806,Rich Hill,0.6915808320045471,41,1.0,2500000.0,2021
89,8223,Brett Anderson,0.5667011737823486,33,1.0,2500000.0,2021
90,16977,Trevor Williams,-0.3498057425022125,29,1.0,2500000.0,2021
91,11384,Tommy Kahnle,0.08747199177742004,31,2.0,2375000.0,2021
92,7982,Anthony Bass,0.4347122609615326,33,3.0,2333333.33333333,2021
93,5640,Tyler Clippard,0.757387638092041,36,1.0,2250000.0,2021
94,3086,Mitch Moreland,0.8922891020774841,35,1.0,2250000.0,2021
95,9817,Sergio Romo,0.1335991621017456,38,1.0,2250000.0,2021
96,6986,Ian Kennedy,-0.5843998193740845,36,1.0,2150000.0,2021
97,12022,Matt Andriese,0.32961174845695496,31,1.0,2100000.0,2021
98,11801,Hansel Robles,-0.145589217543602,30,1.0,2000000.0,2021
99,1433,Wilson Ramos,0.042366091161966324,33,1.0,2000000.0,2021
100,10811,Mike Foltynewicz,-0.28306883573532104,29,1.0,2000000.0,2021
101,12510,Curt Casali,0.6944261789321899,32,1.0,2000000.0,2021
102,4776,Matt Shoemaker,-0.06224900111556053,34,1.0,2000000.0,2021
103,11936,Joe Panik,0.0674590915441513,30,1.0,1850000.0,2021
104,1157,Tommy Hunter,0.5384432673454285,34,1.0,1814550.0,2021
105,7531,Collin McHugh,,34,1.0,1800000.0,2021
106,14553,Nomar Mazara,-0.04189089685678482,26,1.0,1750000.0,2021
107,11489,Michael A. Taylor,-0.04777362942695618,30,1.0,1750000.0,2021
108,9345,Brock Holt,-0.2985292077064514,33,1.0,1750000.0,2021
109,6316,David Phelps,-0.11259976029396057,34,1.0,1750000.0,2021
110,4962,Asdrúbal Cabrera,0.37775343656539917,35,1.0,1750000.0,2021
111,6609,Freddy Galvis,0.08595794439315796,31,1.0,1750000.0,2021
112,11902,Hanser Alberto,0.3556492030620575,28,1.0,1650000.0,2021
113,3321,Darren O'Day,0.31440669298171997,38,2.0,1575000.0,2021
114,12160,Ben Gamel,0.146114781498909,29,1.0,1500000.0,2021
115,13359,Tyler Naquin,-0.6623246669769287,30,1.0,1500000.0,2021
116,11982,Travis Shaw,-0.05058304965496063,31,1.0,1500000.0,2021
117,3298,Charlie Culberson,-0.08089809119701385,32,1.0,1500000.0,2021
118,7476,Alex Avila,0.18827161192893982,34,1.0,1500000.0,2021
119,5491,Austin Romine,-0.38616737723350525,32,1.0,1500000.0,2021
120,4418,Jed Lowrie,,37,1.0,1500000.0,2021
121,6249,Trevor Cahill,0.40750402212142944,33,1.0,1500000.0,2021
122,8418,Ehire Adrianza,0.29026734828948975,31,1.0,1500000.0,2021
123,4866,Jarrod Dyson,-0.23158615827560425,36,1.0,1500000.0,2021
124,3353,Matt Joyce,-0.12310563772916794,36,1.0,1500000.0,2021
125,8259,Kurt Suzuki,0.1455305814743042,37,1.0,1500000.0,2021
126,11339,Jake Marisnick,0.3263266682624817,30,1.0,1500000.0,2021
127,4696,Nate Jones,-0.12756362557411194,35,1.0,1500000.0,2021
128,1581,Sean Doolittle,-0.25193536281585693,34,1.0,1500000.0,2021
129,3200,Ervin Santana,,38,1.0,1403226.0,2021
130,5224,Blake Parker,0.2757558226585388,36,1.0,1308108.0,2021
131,10322,Danny Santana,-0.09127389639616013,30,1.0,1286486.0,2021
132,15514,Kendall Graveman,0.26216939091682434,30,1.0,1250000.0,2021
133,5384,Juan Lagares,0.02708488143980503,32,1.0,1250000.0,2021
134,10547,Jimmy Nelson,,32,1.0,1250000.0,2021
135,9388,Josh Tomlin,0.4351465404033661,36,1.0,1250000.0,2021
136,7441,Wade Davis,-0.35309845209121704,35,1.0,1250000.0,2021
137,14109,Albert Almora Jr.,-0.17359599471092224,27,1.0,1250000.0,2021
138,14696,Keone Kela,-0.07736088335514069,28,1.0,1200000.0,2021
139,10756,Shane Greene,0.3339884877204895,32,1.0,1191892.0,2021
140,10855,Chasen Shreve,0.14257575571537018,30,1.0,1175676.0,2021
141,9866,Chaz Roe,0.334689736366272,34,1.0,1150000.0,2021
142,12804,Matt Wisler,0.5774383544921875,28,1.0,1150000.0,2021
143,5358,Jose Alvarez,0.13111034035682678,32,2.0,1150000.0,2021
144,12890,Alex Claudio,0.09181272983551025,29,1.0,1125000.0,2021
145,5273,Sandy León,-0.09549343585968018,32,1.0,1114865.0,2021
146,11632,Heath Hembree,-0.7906187772750854,32,1.0,1101351.0,2021
147,14663,Chi Chi González,0.0604710653424263,29,1.0,1100000.0,2021
148,15947,Ryne Stanek,-0.19097842276096344,29,1.0,1100000.0,2021
149,4220,Ryan Zimmerman,,36,1.0,1000000.0,2021
150,13329,Jake Lamb,-0.17730695009231567,30,1.0,1000000.0,2021
151,8110,Bryan Shaw,-0.17641706764698029,33,1.0,1000000.0,2021
152,8202,Josh Harrison,0.15957282483577728,33,1.0,1000000.0,2021
153,6483,Steve Cishek,-0.16574713587760925,35,1.0,1000000.0,2021
154,7927,Eric Sogard,-0.14701254665851593,35,1.0,1000000.0,2021
155,4972,Cole Hamels,0.09068837761878967,37,1.0,1000000.0,2021
156,7996,José A. Martínez,-0.5367895364761353,32,1.0,1000000.0,2021
157,11713,Matt Harvey,-0.4455040395259857,32,1.0,1000000.0,2021
158,13836,Matt Duffy,,30,1.0,1000000.0,2021
159,12546,C.J. Cron,0.4434414505958557,31,1.0,1000000.0,2021
160,10199,Billy Hamilton,0.02861429564654827,30,1.0,1000000.0,2021
161,10030,Chris Owings,-0.005557780619710684,29,1.0,1000000.0,2021
162,12763,Chris Devenski,-0.030519653111696243,30,1.0,1000000.0,2021
163,11428,Brandon Workman,-0.3772137761116028,32,1.0,1000000.0,2021
164,6547,Jordy Mercer,-0.0427277497947216,34,1.0,1000000.0,2021
165,5409,Pablo Sandoval,-0.4261057674884796,34,1.0,1000000.0,2021
166,3132,Tony Watson,0.04288458824157715,36,1.0,1000000.0,2021
167,10133,Brad Boxberger,-0.037353768944740295,33,1.0,972973.0,2021
168,2882,Luis Avilán,-0.10582782328128815,31,1.0,950000.0,2021
169,4141,Derek Holland,-0.25071337819099426,34,1.0,925000.0,2021
170,14145,Daniel Robertson,0.25597018003463745,27,1.0,900000.0,2021
171,11615,Brandon Drury,-0.5120919942855835,28,1.0,862973.0,2021
172,2859,Ross Detwiler,0.168539360165596,35,1.0,850000.0,2021
173,9794,Rex Brothers,-0.09367268532514572,33,1.0,850000.0,2021
174,13355,Luke Maile,,30,1.0,825000.0,2021
175,10197,Shelby Miller,,30,1.0,813514.0,2021
176,11470,Tony Wolters,-0.6187857985496521,29,1.0,800000.0,2021
177,12179,Maikel Franco,1.0566519498825073,28,1.0,800000.0,2021
178,18806,Drew Steckenrider,,30,1.0,800000.0,2021
179,12777,John Brebbia,,31,1.0,800000.0,2021
180,15264,Keynan Middleton,-0.02107340097427368,27,1.0,800000.0,2021
181,10291,Ryan Tepera,0.3165535628795624,33,1.0,800000.0,2021
182,2608,Jhoulys Chacín,-0.0956105962395668,33,1.0,800000.0,2021
183,8823,Oliver Drake,-0.12581568956375122,34,1.0,775000.0,2021
184,5702,Junior Guerra,0.07979870587587357,36,1.0,750000.0,2021
185,12828,Andrew Kittredge,0.16684246063232422,31,1.0,750000.0,2021
186,16588,Jonathan Holder,-0.08352019637823105,28,1.0,750000.0,2021
187,15502,Kohl Stewart,,26,1.0,700000.0,2021
188,10314,Erasmo Ramírez,0.12773770093917847,31,1.0,640000.0,2021
189,12858,Brian Goodwin,-0.07184536755084991,30,1.0,621622.0,2021
190,13593,José Peraza,-0.07951046526432037,27,1.0,570500.0,2021
191,13768,Travis Jankowski,-0.12955157458782196,30,1.0,570500.0,2021
192,10953,Phil Gosselin,0.01815563254058361,32,1.0,570500.0,2021
193,8553,Gerardo Parra,,34,1.0,567568.0,2021
194,3892,Josh Reddick,-0.16707265377044678,34,1.0,551351.0,2021
195,8241,David Robertson,,36,1.0,526882.0,2021
196,12325,Jace Peterson,0.33738523721694946,31,1.0,496489.0,2021
197,14503,Renato Núñez,0.20822256803512573,27,1.0,484865.0,2021
198,12580,Adam Morgan,-0.032771944999694824,31,1.0,467027.0,2021
199,11205,Adam Eaton,-0.3315354585647583,32,1.0,218949.0,2021
200,1514,Oliver Pérez,0.3656863570213318,39,1.0,182432.0,2021
201,1433,Wilson Ramos,0.042366091161966324,33,1.0,180965.0,2021
202,785,Todd Frazier,0.17568062245845795,35,1.0,178378.0,2021
203,13360,Cam Bedrosian,0.2570512294769287,29,1.0,162162.0,2021
204,4338,Tyler Chatwood,0.41778868436813354,31,1.0,147226.0,2021
205,4153,Jake Arrieta,0.5085259675979614,35,1.0,144159.0,2021
206,5751,Hernán Pérez,-0.017218809574842453,30,1.0,141892.0,2021
207,10756,Shane Greene,0.3339884877204895,32,1.0,138024.0,2021
208,9892,Jay Bruce,-0.08928436785936356,34,1.0,130645.0,2021
209,12022,Matt Andriese,0.32961174845695496,31,1.0,128829.0,2021
210,5221,Wade LeBlanc,-0.05919336900115013,36,1.0,90811.0,2021
211,5497,Marwin Gonzalez,0.4044700264930725,32,1.0,88949.0,2021
212,2859,Ross Detwiler,0.168539360165596,35,1.0,61344.0,2021
213,3137,Max Scherzer,5.3694562911987305,37,3.0,43333333.33333333,2022
214,14162,Carlos Correa,6.29533576965332,27,1.0,35100000.0,2022
215,13624,Corey Seager,3.823521852493286,28,10.0,32500000.0,2022
216,15429,Kris Bryant,3.099440336227417,30,7.0,26000000.0,2022
217,8700,Justin Verlander,,39,2.0,25000000.0,2022
218,12533,Marcus Semien,5.9568400382995605,31,7.0,25000000.0,2022
219,5361,Freddie Freeman,4.681728363037109,32,6.0,24700000.0,2022
220,13431,Marcus Stroman,3.4673938751220703,31,2.0,23666666.66666667,2022
221,12564,Trevor Story,2.173464775085449,29,6.0,23333333.33333333,2022
222,12979,Javier Báez,4.123918533325195,29,6.0,23333333.33333333,2022
223,11486,Robbie Ray,3.9117445945739746,30,5.0,23000000.0,2022
224,14107,Kevin Gausman,4.804707050323486,31,5.0,22000000.0,2022
225,16137,Carlos Rodón,4.951787948608398,29,1.0,22000000.0,2022
226,11762,Noah Syndergaard,-0.0324636735022068,29,1.0,21000000.0,2022
227,11737,Nick Castellanos,3.59384822845459,30,5.0,20000000.0,2022
228,16478,Kyle Schwarber,2.7203359603881836,29,4.0,19750000.0,2022
229,9241,Starling Marte,5.179905891418457,33,4.0,19500000.0,2022
230,10264,Brandon Belt,3.5783493518829346,34,1.0,18400000.0,2022
231,2036,Clayton Kershaw,3.4299683570861816,34,1.0,17000000.0,2022
232,30116,Seiya Suzuki,,27,5.0,17000000.0,2022
233,3473,Anthony Rizzo,2.176534414291382,32,1.0,16000000.0,2022
234,3096,Kenley Jansen,1.841271162033081,34,1.0,16000000.0,2022
235,13757,Chris Taylor,2.6573503017425537,31,4.0,15000000.0,2022
236,2434,Nelson Cruz,1.8736350536346436,41,1.0,15000000.0,2022
237,14916,Jon Gray,2.2874014377593994,30,4.0,14000000.0,2022
238,5760,Avisaíl García,2.289957284927368,31,4.0,13250000.0,2022
239,11445,Mark Canha,2.9020092487335205,33,3.0,13250000.0,2022
240,1943,Zack Greinke,1.208608865737915,38,1.0,13000000.0,2022
241,13781,Alex Wood,2.5280165672302246,31,2.0,12500000.0,2022
242,14221,Jorge Soler,-0.0387730672955513,30,2.0,12000000.0,2022
243,20633,Yusei Kikuchi,1.0778179168701172,31,3.0,12000000.0,2022
244,13050,Anthony DeSclafani,3.0351452827453613,32,3.0,12000000.0,2022
245,13361,Steven Matz,2.7456274032592773,31,4.0,11000000.0,2022
246,15010,Corey Knebel,0.6109464168548584,30,1.0,10000000.0,2022
247,6153,Eduardo Escobar,2.4800033569335938,33,2.0,10000000.0,2022
248,6562,Alex Cobb,2.490419864654541,34,3.0,10000000.0,2022
249,17130,Raisel Iglesias,2.012077569961548,32,4.0,10000000.0,2022
250,12155,Eddie Rosario,1.0152298212051392,30,2.0,9000000.0,2022
251,13164,Eduardo Rodriguez,3.9231443405151367,29,2.0,8846154.0,2022
252,9847,Andrew McCutchen,1.4274969100952148,35,1.0,8500000.0,2022
253,9761,Joe Kelly,0.719156801700592,34,2.0,8500000.0,2022
254,10343,Aaron Loup,1.6293270587921143,34,2.0,8500000.0,2022
255,15423,Andrew Heaney,1.0313068628311157,31,1.0,8500000.0,2022
256,11804,Héctor Neris,0.5393314957618713,33,3.0,8166666.66666667,2022
257,12880,Tyler Anderson,2.057795763015747,32,1.0,8000000.0,2022
258,15514,Kendall Graveman,1.0649628639221191,31,3.0,8000000.0,2022
259,2429,Corey Kluber,1.4340221881866455,36,1.0,8000000.0,2022
260,2967,Tommy Pham,0.9727251529693604,34,1.0,7500000.0,2022
261,7146,Daniel Hudson,1.0470983982086182,35,2.0,7000000.0,2022
262,4264,Mark Melancon,1.0727695226669312,37,2.0,7000000.0,2022
263,10291,Ryan Tepera,1.6003711223602295,34,2.0,7000000.0,2022
264,14078,Michael Wacha,1.087422490119934,30,1.0,7000000.0,2022
265,7593,Jordan Lyles,0.18765123188495636,31,1.0,7000000.0,2022
266,14843,Michael Lorenzen,0.23469454050064087,30,1.0,6750000.0,2022
267,9627,Yan Gomes,2.226135015487671,34,3.0,6500000.0,2022
268,12988,Andrew Chafin,1.4035556316375732,32,2.0,6500000.0,2022
269,12730,Nick Martinez,,31,4.0,6375000.0,2022
270,5114,Jeurys Familia,0.037294358015060425,32,1.0,6000000.0,2022
271,11899,Joc Pederson,0.2994595766067505,30,1.0,6000000.0,2022
272,9111,Brad Hand,-0.06372697651386261,32,1.0,6000000.0,2022
273,10071,Jonathan Villar,1.9617770910263062,31,1.0,6000000.0,2022
274,11828,James Paxton,0.04451305791735649,33,2.0,5800000.0,2022
275,5372,Michael Pineda,1.31879460811615,33,1.0,5500000.0,2022
276,9784,Garrett Richards,1.0774604082107544,34,1.0,5500000.0,2022
277,8202,Josh Harrison,2.3270199298858643,34,1.0,5500000.0,2022
278,5913,Leury García,1.4896059036254883,31,3.0,5500000.0,2022
279,12095,Yimi García,0.4102628827095032,31,3.0,5500000.0,2022
280,30115,Robert Suarez,,31,2.0,5500000.0,2022
281,11760,Drew Smyly,0.3280470073223114,33,1.0,5250000.0,2022
282,11200,Kole Calhoun,-0.31170693039894104,34,1.0,5200000.0,2022
283,15440,Matthew Boyd,1.3695029020309448,31,1.0,5200000.0,2022
284,10430,Mychal Givens,0.16486398875713348,32,1.0,5000000.0,2022
285,2900,Roberto Pérez,0.09865761548280716,33,1.0,5000000.0,2022
286,10762,Corey Dickerson,0.8120908737182617,33,1.0,5000000.0,2022
287,10061,Brooks Raley,0.7666072845458984,34,3.0,5000000.0,2022
288,12775,Brad Miller,0.7024097442626953,32,2.0,5000000.0,2022
289,10231,Jose Iglesias,1.7831957340240479,32,1.0,5000000.0,2022
290,7531,Collin McHugh,1.8356584310531616,35,2.0,5000000.0,2022
291,12917,Dylan Bundy,0.0328642912209034,29,1.0,5000000.0,2022
292,4806,Rich Hill,1.7122091054916382,42,1.0,5000000.0,2022
293,6986,Ian Kennedy,0.06045365333557129,37,1.0,4750000.0,2022
294,8623,Donovan Solano,1.3940201997756958,34,1.0,4500000.0,2022
295,6661,Alex Colomé,0.080985426902771,33,1.0,4150000.0,2022
296,9073,Kirby Yates,,35,2.0,4125000.0,2022
297,1247,Adam Ottavino,0.5769082307815552,36,1.0,4000000.0,2022
298,5003,Jake Diekman,-0.07608743011951447,35,2.0,4000000.0,2022
299,10847,Andrelton Simmons,0.9217065572738647,32,1.0,4000000.0,2022
300,2829,Manny Piña,1.7907209396362305,35,2.0,4000000.0,2022
301,6902,Martín Pérez,0.6635087132453918,31,1.0,4000000.0,2022
302,10556,César Hernández,1.471077799797058,32,1.0,4000000.0,2022
303,27459,Yoshi Tsutsugo,-0.20585471391677856,30,1.0,4000000.0,2022
304,12918,Archie Bradley,0.24174676835536957,29,1.0,3750000.0,2022
305,6345,Chris Archer,0.1679965704679489,33,1.0,3500000.0,2022
306,8241,David Robertson,0.07704740762710571,37,1.0,3500000.0,2022
307,6984,Luis García,0.7049029469490051,35,2.0,3500000.0,2022
308,6893,Johnny Cueto,1.5180940628051758,36,1.0,3142857.0,2022
309,14975,Chad Kuhl,-0.13464850187301636,29,1.0,3000000.0,2022
310,8110,Bryan Shaw,-0.10493551194667816,34,1.0,3000000.0,2022
311,13799,Matt Strahm,0.12968654930591583,30,1.0,3000000.0,2022
312,11189,Vince Velasquez,-0.294756680727005,30,1.0,3000000.0,2022
313,3542,Danny Duffy,1.6679730415344238,33,1.0,3000000.0,2022
314,13424,Drew VerHagen,,31,2.0,2750000.0,2022
315,3237,T.J. McFarland,0.2791627049446106,33,1.0,2500000.0,2022
316,3281,Joe Smith,0.3434748351573944,38,1.0,2500000.0,2022
317,10133,Brad Boxberger,0.8152446746826172,34,1.0,2500000.0,2022
318,1177,Albert Pujols,0.10489711165428162,42,1.0,2500000.0,2022
319,11847,Chris Martin,0.450276643037796,36,1.0,2500000.0,2022
320,11487,Joely Rodríguez,0.637987494468689,30,1.0,2500000.0,2022
321,1890,Matt Moore,-0.22521643340587616,33,1.0,2376374.0,2022
322,7738,Wily Peralta,0.6501455307006836,33,1.0,2376374.0,2022
323,11801,Hansel Robles,0.0919657051563263,31,1.0,2250000.0,2022
324,11632,Heath Hembree,0.316080778837204,33,1.0,2125000.0,2022
325,12092,Niko Goodrum,1.024356722831726,30,1.0,2100000.0,2022
326,3284,Aníbal Sánchez,,38,1.0,2000000.0,2022
327,9817,Sergio Romo,0.18976502120494843,39,1.0,2000000.0,2022
328,11423,Jose Quintana,0.3363445997238159,33,1.0,2000000.0,2022
329,10745,Trevor Rosenthal,,32,1.0,1903846.0,2022
330,7836,Hunter Strickland,0.3464302122592926,33,1.0,1825000.0,2022
331,12434,Kevin Pillar,0.5656076073646545,33,1.0,1799451.0,2022
332,6316,David Phelps,0.3844320476055145,35,1.0,1750000.0,2022
333,13475,Daniel Norris,-0.054975271224975586,29,1.0,1750000.0,2022
334,6483,Steve Cishek,0.8603876233100891,36,1.0,1750000.0,2022
335,8259,Kurt Suzuki,-0.432796835899353,38,1.0,1750000.0,2022
336,3298,Charlie Culberson,1.0071409940719604,33,1.0,1750000.0,2022
337,13183,Zach Davies,-0.04269562289118767,29,1.0,1750000.0,2022
338,13619,Jakob Junis,0.5176243782043457,29,1.0,1750000.0,2022
339,11476,Odúbel Herrera,1.4048714637756348,30,1.0,1750000.0,2022
340,8418,Ehire Adrianza,0.5778923034667969,32,1.0,1500000.0,2022
341,10855,Chasen Shreve,-0.09269851446151733,31,1.0,1500000.0,2022
342,15983,Clint Frazier,-0.8031485080718994,27,1.0,1500000.0,2022
343,13836,Matt Duffy,1.2070765495300293,31,1.0,1500000.0,2022
344,1581,Sean Doolittle,0.39307403564453125,35,1.0,1500000.0,2022
345,11339,Jake Marisnick,0.5529962182044983,31,1.0,1300000.0,2022
346,12179,Maikel Franco,-0.6279606819152832,29,1.0,1250000.0,2022
347,2608,Jhoulys Chacín,0.16696248948574066,34,1.0,1250000.0,2022
348,13768,Travis Jankowski,0.6900434494018555,31,1.0,1250000.0,2022
349,15594,Nick Wittgren,-0.3431016802787781,31,1.0,1200000.0,2022
350,5497,Marwin Gonzalez,-0.5736709237098694,33,1.0,1100000.0,2022
351,14130,Daniel Vogelbach,-0.05082598701119423,29,2.0,1000000.0,2022
352,3321,Darren O'Day,-0.026165364310145378,39,1.0,1000000.0,2022
353,13607,Carl Edwards Jr.,-0.23509401082992554,30,1.0,1000000.0,2022
354,16909,Colin Moran,-0.24981169402599335,29,1.0,1000000.0,2022
355,12649,Alex Dickerson,0.2239888310432434,32,1.0,1000000.0,2022
356,14523,Pedro Severino,-0.6533312797546387,28,1.0,981319.0,2022
357,13293,Danny Coulombe,0.26891931891441345,32,1.0,979500.0,2022
358,3142,Robinson Chirinos,0.6641468405723572,38,1.0,900000.0,2022
359,10688,Tyler Thornburg,,33,1.0,900000.0,2022
360,13355,Luke Maile,0.2543671727180481,31,1.0,900000.0,2022
361,15124,Tim Locastro,-0.5894792079925537,29,1.0,900000.0,2022
362,4418,Jed Lowrie,0.8787261843681335,38,1.0,850000.0,2022
363,14814,Buck Farmer,-0.5323635935783386,31,1.0,850000.0,2022
364,5000,Stephen Vogt,-0.037639543414115906,37,1.0,850000.0,2022
365,13329,Jake Lamb,-0.05097478628158569,31,1.0,824176.0,2022
366,14942,Andrew Knapp,-1.309962272644043,30,1.0,800000.0,2022
367,5448,Jesse Chavez,0.9596637487411499,38,1.0,750000.0,2022
368,8090,Matt Carpenter,-0.2967616617679596,36,1.0,730769.0,2022
369,10547,Jimmy Nelson,0.9600884914398193,33,1.0,700000.0,2022
370,12282,Rougned Odor,1.3246231079101562,28,1.0,700000.0,2022
371,11490,Aaron Sanchez,0.4070495069026947,29,1.0,395604.0,2022
372,10030,Chris Owings,0.4925946295261383,30,1.0,340659.0,2022
373,11982,Travis Shaw,-0.4596630036830902,32,1.0,181319.0,2022
374,11589,José Ureña,0.33208945393562317,30,1.0,171703.0,2022
375,7196,Greg Holland,-0.15097278356552124,36,1.0,150000.0,2022
376,1514,Oliver Pérez,0.07972069829702377,40,1.0,93407.0,2022
377,8700,Justin Verlander,6.057393550872803,40,3.0,43333333.0,2023
378,15640,Aaron Judge,11.056256294250488,31,9.0,40000000.0,2023
379,10954,Jacob deGrom,2.2328827381134033,35,5.0,37000000.0,2023
380,14162,Carlos Correa,4.568114757537842,28,6.0,33333333.33333333,2023
381,16252,Trea Turner,6.3761138916015625,30,11.0,27272727.27272727,2023
382,16137,Carlos Rodón,6.233349800109863,30,6.0,27000000.0,2023
383,12161,Xander Bogaerts,5.993725299835205,30,11.0,25454545.45454545,2023
384,18314,Dansby Swanson,6.635719299316406,29,7.0,25285714.28571429,2023
385,12304,Chris Bassitt,2.839881420135498,34,3.0,21000000.0,2023
386,12927,Brandon Nimmo,5.413952827453613,30,8.0,20250000.0,2023
387,2036,Clayton Kershaw,3.861314296722412,35,1.0,20000000.0,2023
388,3473,Anthony Rizzo,2.476663112640381,33,2.0,20000000.0,2023
389,6902,Martín Pérez,3.874843120574951,32,1.0,19650000.0,2023
390,11899,Joc Pederson,2.3323488235473633,31,1.0,19650000.0,2023
391,15676,José Abreu,3.791219472885132,36,3.0,19500000.0,2023
392,14710,Edwin Díaz,3.000324010848999,29,5.0,18600000.0,2023
393,16376,Michael Conforto,,30,2.0,18000000.0,2023
394,31837,Masataka Yoshida,,29,5.0,18000000.0,2023
395,11836,Taijuan Walker,2.674705982208252,30,4.0,18000000.0,2023
396,15998,Cody Bellinger,1.481514573097229,27,1.0,17500000.0,2023
397,11609,Willson Contreras,3.4948036670684814,31,5.0,17500000.0,2023
398,11674,Jameson Taillon,2.4101879596710205,31,4.0,17000000.0,2023
399,9132,Nathan Eovaldi,1.0344210863113403,33,3.0,17000000.0,2023
400,13145,Josh Bell,2.1002233028411865,30,2.0,16500000.0,2023
401,3096,Kenley Jansen,1.0522342920303345,35,2.0,16000000.0,2023
402,31838,Kodai Senga,,30,5.0,15000000.0,2023
403,17901,Andrew Benintendi,2.1230087280273438,28,5.0,15000000.0,2023
404,14274,Mitch Haniger,0.9535956382751465,32,3.0,14500000.0,2023
405,13774,Zach Eflin,1.3897178173065186,29,3.0,13333333.0,2023
406,11423,Jose Quintana,3.9693198204040527,34,2.0,13000000.0,2023
407,11762,Noah Syndergaard,2.2202694416046143,30,1.0,13000000.0,2023
408,12880,Tyler Anderson,4.058879852294922,33,3.0,13000000.0,2023
409,13273,Ross Stripling,3.006040096282959,33,2.0,12500000.0,2023
410,15423,Andrew Heaney,1.1397242546081543,32,2.0,12500000.0,2023
411,15873,Sean Manaea,1.082378625869751,31,1.0,12500000.0,2023
412,4106,Michael Brantley,1.0760618448257446,36,1.0,12000000.0,2023
413,12808,Mike Clevinger,0.41100916266441345,32,1.0,12000000.0,2023
414,11760,Drew Smyly,1.2171621322631836,34,2.0,11500000.0,2023
415,12760,Rafael Montero,1.4953303337097168,32,3.0,11500000.0,2023
416,13449,Taylor Rogers,1.0054043531417847,32,3.0,11000000.0,2023
417,14128,Joey Gallo,0.004566194023936987,29,1.0,11000000.0,2023
418,5235,Justin Turner,2.292635917663574,38,2.0,10850000.0,2023
419,6655,Craig Kimbrel,0.8823278546333313,35,1.0,10000000.0,2023
420,6184,J.D. Martinez,1.4434614181518555,35,1.0,10000000.0,2023
421,9774,Christian Vázquez,1.9016355276107788,32,3.0,10000000.0,2023
422,8241,David Robertson,0.7162590026855469,38,1.0,10000000.0,2023
423,10123,Kyle Gibson,1.8466746807098389,35,1.0,10000000.0,2023
424,2429,Corey Kluber,3.1067631244659424,37,1.0,10000000.0,2023
425,15440,Matthew Boyd,0.10237523168325424,32,1.0,10000000.0,2023
426,10264,Brandon Belt,0.05399683862924576,35,1.0,9300000.0,2023
427,30115,Robert Suarez,0.6932474374771118,32,5.0,9200000.0,2023
428,11038,Kevin Kiermaier,0.9478666186332703,33,1.0,9000000.0,2023
429,11847,Chris Martin,1.597569227218628,37,2.0,8750000.0,2023
430,12730,Nick Martinez,0.42183029651641846,32,3.0,8666666.66666667,2023
431,11615,Brandon Drury,3.1194064617156982,30,2.0,8500000.0,2023
432,6893,Johnny Cueto,2.389087438583374,37,1.0,8500000.0,2023
433,14843,Michael Lorenzen,0.9947605133056641,31,1.0,8500000.0,2023
434,1943,Zack Greinke,1.9382604360580444,39,1.0,8500000.0,2023
435,7593,Jordan Lyles,1.4088143110275269,32,2.0,8500000.0,2023
436,15223,Adam Frazier,1.2982417345046997,31,1.0,8000000.0,2023
437,4806,Rich Hill,1.7877557277679443,43,1.0,8000000.0,2023
438,10815,Jurickson Profar,2.4222934246063232,30,1.0,7750000.0,2023
439,1890,Matt Moore,1.349560260772705,34,1.0,7550000.0,2023
440,12447,Seth Lugo,0.2562027871608734,33,2.0,7500000.0,2023
441,10047,Wil Myers,1.1864981651306152,32,1.0,7500000.0,2023
442,13338,Omar Narváez,1.3208450078964233,31,2.0,7500000.0,2023
443,13799,Matt Strahm,0.3256210684776306,31,2.0,7500000.0,2023
444,15937,Aledmys Díaz,0.8096995949745178,32,2.0,7250000.0,2023
445,1247,Adam Ottavino,1.1409531831741333,37,2.0,7250000.0,2023
446,6398,Trevor May,0.10874941200017929,33,1.0,7000000.0,2023
447,9256,AJ Pollock,0.5344879627227783,35,1.0,7000000.0,2023
448,10950,Adam Duvall,0.9025866389274597,34,1.0,7000000.0,2023
449,15149,Trey Mancini,0.930477499961853,31,2.0,7000000.0,2023
450,14542,Carlos Estévez,0.3274458050727844,30,2.0,6750000.0,2023
451,2396,Carlos Santana,0.8647158741950989,37,1.0,6725000.0,2023
452,2136,David Peralta,1.658305287361145,35,1.0,6500000.0,2023
453,14078,Michael Wacha,1.5331957340240479,31,4.0,6500000.0,2023
454,16977,Trevor Williams,0.6972811818122864,31,2.0,6500000.0,2023
455,5933,Jean Segura,2.1005454063415527,33,2.0,6500000.0,2023
456,12988,Andrew Chafin,0.9236512780189514,33,1.0,6250000.0,2023
457,13265,Mike Zunino,-0.2860717177391052,32,1.0,6000000.0,2023
458,8090,Matt Carpenter,2.351362943649292,37,2.0,6000000.0,2023
459,2967,Tommy Pham,0.6916351914405823,35,1.0,6000000.0,2023
460,11752,Luke Jackson,,31,2.0,5750000.0,2023
461,11384,Tommy Kahnle,-0.041938088834285736,33,2.0,5750000.0,2023
462,12976,Austin Hedges,-0.029974166303873062,30,1.0,5000000.0,2023
463,13183,Zach Davies,0.4459783136844635,30,1.0,5000000.0,2023
464,13435,Pierce Johnson,0.29330092668533325,32,1.0,5000000.0,2023
465,9847,Andrew McCutchen,0.5664530992507935,36,1.0,5000000.0,2023
466,10430,Mychal Givens,0.16786466538906097,33,1.0,5000000.0,2023
467,13621,Jeimer Candelario,0.017166567966341972,29,1.0,5000000.0,2023
468,12325,Jace Peterson,2.1088037490844727,33,2.0,4750000.0,2023
469,8779,Wade Miley,0.5089167356491089,36,1.0,4500000.0,2023
470,9368,Evan Longoria,1.3982470035552979,37,1.0,4000000.0,2023
471,13218,Michael Fulmer,0.6802716255187988,30,1.0,4000000.0,2023
472,10233,Aroldis Chapman,-0.18630863726139069,35,1.0,3750000.0,2023
473,18289,Brian Anderson,0.17392417788505554,30,1.0,3500000.0,2023
474,11589,José Ureña,0.7147367000579834,31,1.0,3500000.0,2023
475,15684,Miguel Castro,0.0900266095995903,28,2.0,3500000.0,2023
476,31839,Shintaro Fujinami,,29,1.0,3250000.0,2023
477,12510,Curt Casali,0.45788124203681946,34,1.0,3250000.0,2023
478,10200,Tucker Barnhart,0.2568100690841675,32,2.0,3250000.0,2023
479,11189,Vince Velasquez,0.40452662110328674,31,1.0,3150000.0,2023
480,12056,Scott McGough,,33,2.0,3125000.0,2023
481,16502,Ryan Yarbrough,0.058477576822042465,31,1.0,3000000.0,2023
482,8709,Elvis Andrus,3.429669141769409,34,1.0,3000000.0,2023
483,11342,Jesús Aguilar,-0.711734414100647,33,1.0,3000000.0,2023
484,12434,Kevin Pillar,-0.01776299998164177,34,1.0,3000000.0,2023
485,12499,Drew Rucinski,,34,1.0,3000000.0,2023
486,9111,Brad Hand,0.28784048557281494,33,1.0,3000000.0,2023
487,10133,Brad Boxberger,0.74711012840271,35,1.0,2800000.0,2023
488,18282,Jarlín García,-0.0809616670012474,30,1.0,2500000.0,2023
489,2900,Roberto Pérez,0.5929492712020874,34,1.0,2500000.0,2023
490,10762,Corey Dickerson,0.655800998210907,34,1.0,2250000.0,2023
491,15552,Chad Green,0.33288276195526123,32,3.0,2250000.0,2023
492,5254,Robbie Grossman,0.021547582000494003,33,1.0,2000000.0,2023
493,8202,Josh Harrison,1.5754207372665405,35,1.0,2000000.0,2023
494,8623,Donovan Solano,0.5307679772377014,35,1.0,2000000.0,2023
495,15653,Dominic Smith,-0.23595589399337769,28,1.0,2000000.0,2023
496,14566,Franmil Reyes,-0.9579369425773621,27,1.0,2000000.0,2023
497,16918,Luke Weaver,0.46465542912483215,29,1.0,2000000.0,2023
498,11487,Joely Rodríguez,0.413046270608902,31,1.0,2000000.0,2023
499,17338,Willi Castro,0.8331044316291809,26,1.0,1800000.0,2023
500,10197,Shelby Miller,0.38268566131591797,32,1.0,1500000.0,2023
501,13836,Matt Duffy,-0.039014846086502075,32,1.0,1500000.0,2023
502,6797,Julio Teheran,,32,1.0,1500000.0,2023
503,8048,Will Smith,-0.1625344455242157,33,1.0,1500000.0,2023
504,15124,Tim Locastro,-0.0432511605322361,30,1.0,1400000.0,2023
505,16424,Jordan Luplow,0.4446081221103668,29,1.0,1400000.0,2023
506,14691,Harold Castro,-0.29031115770339966,29,1.0,1300000.0,2023
507,19198,Yuli Gurriel,-0.7027703523635864,39,1.0,1250000.0,2023
508,10855,Chasen Shreve,-0.25642186403274536,32,1.0,1250000.0,2023
509,12981,Cam Gallagher,0.04103311523795128,30,1.0,1250000.0,2023
510,13768,Travis Jankowski,-0.11519989371299744,32,1.0,1250000.0,2023
511,15905,Luis Torrens,-0.46626290678977966,27,1.0,1200000.0,2023
512,10547,Jimmy Nelson,,34,1.0,1200000.0,2023
513,5448,Jesse Chavez,0.7215451002120972,39,1.0,1200000.0,2023
514,14735,Brett Phillips,-0.21516889333724976,29,1.0,1200000.0,2023
515,15046,Trevor Gott,-0.11986736208200455,30,1.0,1200000.0,2023
516,13355,Luke Maile,0.6925863027572632,32,1.0,1175000.0,2023
517,18333,Alex Young,0.41293323040008545,29,1.0,1150000.0,2023
518,14361,Ty Blach,0.30214688181877136,32,1.0,1100000.0,2023
519,15015,Alex Reyes,,28,1.0,1100000.0,2023
520,11442,Gary Sánchez,1.3786662817001343,30,1.0,1096774.0,2023
521,2434,Nelson Cruz,-0.4586099684238434,42,1.0,1000000.0,2023
522,10314,Erasmo Ramírez,0.31760841608047485,33,1.0,1000000.0,2023
523,18316,Edwin Ríos,0.11526229977607727,29,1.0,1000000.0,2023
524,18889,Danny Mendick,0.7462987899780273,29,1.0,1000000.0,2023
525,13293,Danny Coulombe,0.029499618336558342,33,1.0,1000000.0,2023
526,8418,Ehire Adrianza,-0.5723342895507812,33,1.0,1000000.0,2023
527,15082,Adam Engel,-0.13066497445106506,31,1.0,1000000.0,2023
528,14567,Franchy Cordero,-0.3817242383956909,28,1.0,1000000.0,2023
529,4301,Justin Wilson,0.20373421907424927,35,1.0,1000000.0,2023
530,14975,Chad Kuhl,0.4505331814289093,30,1.0,946237.0,2023
531,12763,Chris Devenski,-0.02275662124156952,32,1.0,900000.0,2023
532,18337,Nick Anderson,,32,1.0,875000.0,2023
533,14773,Yu Chang,0.2921663224697113,27,1.0,850000.0,2023
534,11902,Hanser Alberto,-0.3321959674358368,30,1.0,791398.0,2023
535,14350,Raimel Tapia,0.4234738349914551,29,1.0,731183.0,2023
536,4940,Jason Heyward,-0.26730236411094666,33,1.0,720000.0,2023
537,12371,Tommy La Stella,-0.7194277048110962,34,1.0,720000.0,2023
538,4892,Mike Moustakas,-0.46633896231651306,34,1.0,720000.0,2023
539,3516,Eric Hosmer,0.607897162437439,33,1.0,720000.0,2023
540,1157,Tommy Hunter,-0.010484426282346249,36,1.0,696236.0,2023
541,14811,Luke Voit,0.42081165313720703,32,1.0,666667.0,2023
542,13329,Jake Lamb,0.03554369509220123,32,1.0,625000.0,2023
543,6986,Ian Kennedy,-0.9514718055725098,38,1.0,508063.0,2023
544,12282,Rougned Odor,0.3326340913772583,29,1.0,473118.0,2023
545,12984,Jackie Bradley Jr.,-0.23456571996212006,33,1.0,383065.0,2023
546,5114,Jeurys Familia,-0.3200913965702057,33,1.0,282258.0,2023
547,19755,Shohei Ohtani,8.910212516784668,29,10.0,46078769.0,2024
548,13543,Blake Snell,4.156758785247803,31,2.0,29698347.0,2024
549,33825,Yoshinobu Yamamoto,,25,12.0,27083333.33333333,2024
550,15998,Cody Bellinger,4.44536828994751,28,3.0,26666666.66666667,2024
551,12768,Sonny Gray,5.3657965660095215,34,3.0,24949117.0,2024
552,16149,Aaron Nola,3.86611270904541,31,7.0,24571429.0,2024
553,16511,Jordan Montgomery,4.254640102386475,31,2.0,23750000.0,2024
554,13066,Teoscar Hernández,1.9446747303009033,31,1.0,20433933.0,2024
555,16505,Matt Chapman,2.9945452213287354,31,3.0,20000000.0,2024
556,13164,Eduardo Rodriguez,2.9713873863220215,31,4.0,20000000.0,2024
557,15474,Lucas Giolito,0.9285972714424133,29,2.0,19250000.0,2024
558,14212,Josh Hader,1.7315956354141235,30,5.0,19000000.0,2024
559,33824,Jung Hoo Lee,,25,6.0,18833333.33333333,2024
560,13431,Marcus Stroman,2.664431095123291,33,2.0,18500000.0,2024
561,16472,Rhys Hoskins,,31,2.0,17000000.0,2024
562,14078,Michael Wacha,2.6552605628967285,32,2.0,16000000.0,2024
563,14309,Frankie Montas,0.006632674485445023,31,1.0,16000000.0,2024
564,13621,Jeimer Candelario,3.2386131286621094,30,3.0,15000000.0,2024
565,12447,Seth Lugo,2.8819541931152344,34,3.0,15000000.0,2024
566,17479,Jack Flaherty,1.7588945627212524,28,1.0,14000000.0,2024
567,19238,Lourdes Gurriel Jr.,1.943461537361145,30,3.0,14000000.0,2024
568,15873,Sean Manaea,1.1501718759536743,32,2.0,14000000.0,2024
569,33829,Shota Imanaga,,30,4.0,13500000.0,2024
570,5235,Justin Turner,1.0595707893371582,39,1.0,13000000.0,2024
571,6655,Craig Kimbrel,1.121195673942566,36,1.0,13000000.0,2024
572,11828,James Paxton,1.033037543296814,35,1.0,13000000.0,2024
573,10123,Kyle Gibson,2.5577497482299805,36,1.0,13000000.0,2024
574,12730,Nick Martinez,1.3911080360412598,33,2.0,13000000.0,2024
575,15890,Luis Severino,-0.5094176530838013,30,1.0,13000000.0,2024
576,7859,Charlie Blackmon,0.8814661502838135,37,1.0,13000000.0,2024
577,11899,Joc Pederson,0.7352507710456848,32,1.0,12500000.0,2024
578,14221,Jorge Soler,1.7925314903259277,32,3.0,12142857.0,2024
579,18498,Kenta Maeda,1.604391098022461,36,2.0,12000000.0,2024
580,15161,Mitch Garver,2.156179189682007,33,2.0,12000000.0,2024
581,2520,Lance Lynn,0.4575222134590149,37,1.0,11000000.0,2024
582,16358,Tyler Mahle,0.37310704588890076,29,2.0,11000000.0,2024
583,13594,Robert Stephenson,0.9596835374832153,31,3.0,11000000.0,2024
584,19618,Jordan Hicks,1.0875391960144043,27,4.0,11000000.0,2024
585,8241,David Robertson,1.207871913909912,39,1.0,10533289.0,2024
586,11038,Kevin Kiermaier,2.806302070617676,34,1.0,10500000.0,2024
587,18030,Harrison Bader,0.9501338601112366,30,1.0,10500000.0,2024
588,10233,Aroldis Chapman,1.750276803970337,36,1.0,10500000.0,2024
589,16400,Reynaldo López,0.7648264169692993,30,3.0,10000000.0,2024
590,1890,Matt Moore,0.6467872858047485,35,1.0,9000000.0,2024
591,11804,Héctor Neris,0.8576006889343262,35,1.0,9000000.0,2024
592,4940,Jason Heyward,2.254714012145996,34,1.0,9000000.0,2024
593,6184,J.D. Martinez,2.4255142211914062,36,1.0,8966565.0,2024
594,16162,Brandon Woodruff,1.450810432434082,31,2.0,8750000.0,2024
595,15761,Joe Jiménez,0.47264713048934937,29,3.0,8666666.66666667,2024
596,8779,Wade Miley,1.067929744720459,37,1.0,8500000.0,2024
597,13781,Alex Wood,0.21345028281211853,33,1.0,8500000.0,2024
598,9761,Joe Kelly,0.847238302230835,36,1.0,8000000.0,2024
599,6902,Martín Pérez,0.3609955608844757,33,1.0,8000000.0,2024
600,14771,Emilio Pagán,1.1781163215637207,33,2.0,8000000.0,2024
601,2036,Clayton Kershaw,2.3568882942199707,36,2.0,8000000.0,2024
602,11281,Whit Merrifield,1.2975409030914307,35,1.0,8000000.0,2024
603,16512,Isiah Kiner-Falefa,0.5154088139533997,29,2.0,7500000.0,2024
604,17425,Erick Fedde,,31,2.0,7500000.0,2024
605,13435,Pierce Johnson,0.6664907932281494,33,2.0,7125000.0,2024
606,11442,Gary Sánchez,1.6437797546386719,31,1.0,7000000.0,2024
607,13619,Jakob Junis,0.7413318157196045,31,1.0,7000000.0,2024
608,18064,Phil Maton,0.5941088795661926,31,1.0,6500000.0,2024
609,15464,Hunter Renfroe,0.3610534369945526,32,2.0,6500000.0,2024
610,14968,Victor Caratini,1.1307424306869507,30,2.0,6000000.0,2024
611,15264,Keynan Middleton,0.12593381106853485,30,1.0,6000000.0,2024
612,33826,Yuki Matsui,,28,5.0,5600000.0,2024
613,12777,John Brebbia,0.32957208156585693,34,1.0,5500000.0,2024
614,2396,Carlos Santana,1.4665230512619019,38,1.0,5250000.0,2024
615,15172,Tim Anderson,-0.18889710307121277,31,1.0,5000000.0,2024
616,9847,Andrew McCutchen,1.2897669076919556,37,1.0,5000000.0,2024
617,3548,Liam Hendriks,-0.0584840402007103,35,2.0,5000000.0,2024
618,8048,Will Smith,1.0880531072616577,34,1.0,5000000.0,2024
619,14128,Joey Gallo,0.8010298013687134,30,1.0,5000000.0,2024
620,12988,Andrew Chafin,0.48246726393699646,34,1.0,4750000.0,2024
621,12317,Colin Rea,0.788963794708252,33,1.0,4500000.0,2024
622,14843,Michael Lorenzen,1.6759967803955078,32,1.0,4500000.0,2024
623,1247,Adam Ottavino,-0.07076344639062881,38,1.0,4500000.0,2024
624,9073,Kirby Yates,-0.1548653244972229,37,1.0,4500000.0,2024
625,5615,Ryan Brasier,1.1316927671432495,36,2.0,4500000.0,2024
626,15223,Adam Frazier,0.43284592032432556,32,1.0,4500000.0,2024
627,6984,Luis García,0.10753606259822845,37,1.0,4250000.0,2024
628,6887,Martín Maldonado,-0.8357308506965637,37,1.0,4250000.0,2024
629,13499,Tom Murphy,0.833575963973999,33,2.0,4125000.0,2024
630,14295,Wandy Peralta,-0.419756144285202,32,4.0,4125000.0,2024
631,5003,Jake Diekman,0.43197792768478394,37,1.0,4000000.0,2024
632,13761,Chris Stratton,1.1254689693450928,33,2.0,4000000.0,2024
633,10472,Enrique Hernández,-1.1135073900222778,32,1.0,4000000.0,2024
634,12976,Austin Hedges,1.0286192893981934,31,1.0,4000000.0,2024
635,15947,Ryne Stanek,0.0698520615696907,32,1.0,4000000.0,2024
636,11489,Michael A. Taylor,1.9866915941238403,33,1.0,4000000.0,2024
637,13355,Luke Maile,0.4233437478542328,33,1.0,3500000.0,2024
638,31839,Shintaro Fujinami,0.21090081334114075,30,1.0,3350000.0,2024
639,10243,Randal Grichuk,0.5516844391822815,32,1.0,3250000.0,2024
640,10197,Shelby Miller,0.5184539556503296,33,1.0,3250000.0,2024
641,15679,Rowdy Tellez,-0.7287598848342896,29,1.0,3200000.0,2024
642,12808,Mike Clevinger,2.188819169998169,33,1.0,3000000.0,2024
643,10950,Adam Duvall,1.4627766609191895,35,1.0,3000000.0,2024
644,13942,Brent Suter,1.3075168132781982,34,1.0,3000000.0,2024
645,2967,Tommy Pham,1.9064925909042358,36,1.0,2532258.0,2024
646,11368,Yasmani Grandal,0.04377754032611847,35,1.0,2500000.0,2024
647,sa3012630,Woo-Suk Go,,25,2.0,2250000.0,2024
648,13394,Dylan Floro,1.182901382446289,33,1.0,2250000.0,2024
649,10591,Scott Alexander,0.6842963099479675,34,1.0,2250000.0,2024
650,14814,Buck Farmer,0.6172311902046204,33,1.0,2250000.0,2024
651,13723,Jacob Stallings,-0.4365231394767761,34,1.0,2000000.0,2024
652,6632,Carlos Carrasco,-0.2764507830142975,37,1.0,2000000.0,2024
653,16207,Spencer Turnbull,-0.05145469307899475,31,1.0,2000000.0,2024
654,19262,Garrett Hampson,0.5996547937393188,29,1.0,2000000.0,2024
655,7146,Daniel Hudson,0.04915427416563034,37,1.0,2000000.0,2024
656,13590,Jesse Winker,-0.7999719381332397,30,1.0,2000000.0,2024
657,13853,Joey Wendle,-0.8057259321212769,34,1.0,2000000.0,2024
658,14527,Jorge López,-0.9199202060699463,31,1.0,2000000.0,2024
659,19293,Nick Senzel,-0.5340052247047424,29,1.0,2000000.0,2024
660,16918,Luke Weaver,0.48705798387527466,30,2.0,2000000.0,2024
661,5343,Brandon Crawford,0.3638070225715637,37,1.0,2000000.0,2024
662,19514,Andrew Knizner,0.02163654752075672,29,1.0,1825000.0,2024
663,16814,Tim Hill,-0.42425310611724854,34,1.0,1800000.0,2024
664,12972,Joe Ross,,31,1.0,1750000.0,2024
665,18015,Paul DeJong,0.5054413676261902,30,1.0,1750000.0,2024
666,11589,José Ureña,-0.5506165623664856,32,1.0,1750000.0,2024
667,13896,Chris Flexen,-0.5162654519081116,29,1.0,1750000.0,2024
668,6399,José Cisnero,-0.02707740291953087,35,1.0,1750000.0,2024
669,15440,Matthew Boyd,0.8546042442321777,33,1.0,1750000.0,2024
670,13768,Travis Jankowski,1.1527132987976074,33,1.0,1700000.0,2024
671,15288,Adam Cimber,-0.621540904045105,33,1.0,1650000.0,2024
672,13763,Dominic Leone,-0.820366621017456,32,1.0,1500000.0,2024
673,4301,Justin Wilson,,36,1.0,1500000.0,2024
674,19206,Dakota Hudson,0.30045926570892334,29,1.0,1500000.0,2024
675,15518,Amed Rosario,0.412792444229126,28,1.0,1500000.0,2024
676,13133,Derek Law,0.3232021927833557,33,1.0,1500000.0,2024
677,15043,Lou Trivino,,32,1.0,1500000.0,2024
678,7432,Jay Jackson,0.11776548624038696,36,1.0,1500000.0,2024
679,15046,Trevor Gott,0.9946019649505615,31,1.0,1500000.0,2024
680,10681,Gio Urshela,0.49785342812538147,32,1.0,1500000.0,2024
681,5254,Robbie Grossman,0.3841039836406708,34,1.0,1435484.0,2024
682,16451,Luis Guillorme,-0.34566256403923035,29,1.0,1100000.0,2024
683,12763,Chris Devenski,0.5465056896209717,33,1.0,1100000.0,2024
684,13758,Tyler Duffey,-0.007616076152771711,33,1.0,1081989.0,2024
685,12155,Eddie Rosario,1.2729244232177734,32,1.0,1064516.0,2024
686,10815,Jurickson Profar,-1.568436622619629,31,1.0,1000000.0,2024
687,18694,Kolby Allard,0.16760969161987305,26,1.0,1000000.0,2024
688,19979,Zach Plesac,0.24390479922294617,29,1.0,1000000.0,2024
689,10315,Michael Tonkin,0.056667815893888474,34,1.0,1000000.0,2024
690,15941,Austin Nola,-0.8991150856018066,34,1.0,975000.0,2024
691,18335,Josh Staumont,0.17109422385692596,30,1.0,950000.0,2024
692,15271,Austin Wynns,0.15004578232765198,33,1.0,900000.0,2024
693,10843,Adam Kolarek,0.17005974054336548,35,1.0,900000.0,2024
694,14130,Daniel Vogelbach,0.18261995911598206,31,1.0,892473.0,2024
695,12164,Miguel Sanó,,31,1.0,875000.0,2024
696,6895,Chase Anderson,0.18103304505348206,36,1.0,853495.0,2024
697,12323,Jacob Barnes,0.09834927320480347,34,1.0,800000.0,2024
698,2136,David Peralta,-0.21982845664024353,36,1.0,800000.0,2024
699,13801,Austin Adams,0.18638069927692413,33,1.0,800000.0,2024
700,13528,Matt Bowman,-0.0948476642370224,33,1.0,800000.0,2024
701,10231,Jose Iglesias,,34,1.0,800000.0,2024
702,12160,Ben Gamel,-0.12006846815347672,32,1.0,800000.0,2024
703,17696,Kevin Newman,-0.03224770724773407,30,1.0,800000.0,2024
704,8623,Donovan Solano,1.1833456754684448,36,1.0,790323.0,2024
705,5297,Aaron Hicks,0.9353939294815063,34,1.0,740000.0,2024
706,5448,Jesse Chavez,0.7344977259635925,40,1.0,740000.0,2024
707,8090,Matt Carpenter,-0.4110628366470337,38,1.0,740000.0,2024
708,15279,Garrett Cooper,0.411967933177948,33,1.0,733871.0,2024
709,11426,Drew Pomeranz,,35,1.0,693548.0,2024
710,12434,Kevin Pillar,0.2746870219707489,35,1.0,608710.0,2024
711,14111,Eric Haase,-1.0453402996063232,31,1.0,516129.0,2024
712,12863,Matt Barnes,0.13890162110328674,34,1.0,451613.0,2024
713,12147,Nick Ahmed,0.09339471161365509,34,1.0,429677.0,2024
714,10200,Tucker Barnhart,0.21387556195259094,33,1.0,409785.0,2024
715,16814,Tim Hill,-0.42425310611724854,34,1.0,405806.0,2024
716,14527,Jorge López,-0.9199202060699463,31,1.0,373978.0,2024
717,19293,Nick Senzel,-0.5340052247047424,29,1.0,298387.0,2024
718,11487,Joely Rodríguez,-0.025081751868128777,32,1.0,282258.0,2024
719,11281,Whit Merrifield,1.2975409030914307,35,1.0,278495.0,2024
720,18607,Jared Walsh,-0.8660116195678711,30,1.0,181452.0,2024
721,9434,Dallas Keuchel,0.15955612063407898,36,1.0,177419.0,2024
722,12434,Kevin Pillar,0.2746870219707489,35,1.0,172043.0,2024
723,10681,Gio Urshela,0.49785342812538147,32,1.0,163118.0,2024
724,16451,Luis Guillorme,-0.34566256403923035,29,1.0,163118.0,2024
725,11804,Héctor Neris,0.8576006889343262,35,1.0,147204.0,2024
726,8110,Bryan Shaw,0.38226115703582764,36,1.0,137097.0,2024
727,4940,Jason Heyward,2.254714012145996,34,1.0,127312.0,2024
728,6797,Julio Teheran,0.3280540406703949,33,1.0,94086.0,2024
729,14894,Tony Kemp,-0.03008994460105896,32,1.0,91398.0,2024
730,13853,Joey Wendle,-0.8057259321212769,34,1.0,19892.0,2024
731,20123,Juan Soto,8.140358924865723,26,15.0,51000000.0,2025
732,19361,Corbin Burnes,3.73838472366333,30,6.0,33041322.0,2025
733,13543,Blake Snell,3.065009117126465,32,5.0,31357257.0,2025
734,13743,Max Fried,3.3533143997192383,31,8.0,27250000.0,2025
735,19251,Pete Alonso,2.0911433696746826,30,2.0,27000000.0,2025
736,15986,Willy Adames,4.757421016693115,29,7.0,26000000.0,2025
737,9132,Nathan Eovaldi,2.69415283203125,35,3.0,25000000.0,2025
738,15890,Luis Severino,2.102358341217041,31,3.0,22333333.33333333,2025
739,15873,Sean Manaea,2.7768120765686035,33,3.0,22009731.0,2025
740,19374,Walker Buehler,-0.16054430603981018,30,1.0,21050000.0,2025
741,12730,Nick Martinez,3.465278148651123,34,1.0,21050000.0,2025
742,20633,Yusei Kikuchi,3.543482780456543,34,3.0,21000000.0,2025
743,13066,Teoscar Hernández,3.4780375957489014,32,3.0,20940454.0,2025
744,13419,Christian Walker,3.0072898864746094,34,3.0,20000000.0,2025
745,11899,Joc Pederson,2.961045265197754,33,2.0,18500000.0,2025
746,17479,Jack Flaherty,3.215585708618164,29,2.0,17500000.0,2025
747,17586,Tanner Scott,1.6385672092437744,30,4.0,17127897.0,2025
748,16376,Michael Conforto,1.271223783493042,32,1.0,17000000.0,2025
749,14309,Frankie Montas,1.365027666091919,32,2.0,17000000.0,2025
750,14078,Michael Wacha,3.3447632789611816,33,3.0,17000000.0,2025
751,15711,Tyler O'Neill,2.4893486499786377,30,3.0,16500000.0,2025
752,3137,Max Scherzer,0.6229895353317261,40,1.0,15500000.0,2025
753,6562,Alex Cobb,0.27364885807037354,37,1.0,15000000.0,2025
754,8700,Justin Verlander,0.6521748304367065,42,1.0,15000000.0,2025
755,4676,Charlie Morton,1.1023703813552856,41,1.0,15000000.0,2025
756,16997,Gleyber Torres,1.7265455722808838,28,1.0,15000000.0,2025
757,27506,Ha-Seong Kim,2.649892807006836,29,2.0,14500000.0,2025
758,15440,Matthew Boyd,0.8901236653327942,34,2.0,14500000.0,2025
759,14551,Anthony Santander,3.312878370285034,30,5.0,14314441.0,2025
760,10815,Jurickson Profar,4.304333209991455,32,3.0,14000000.0,2025
761,19427,Shane Bieber,0.7689601182937622,30,2.0,13000000.0,2025
762,sa3025685,Tomoyuki Sugano,,35,1.0,13000000.0,2025
763,9073,Kirby Yates,1.9192548990249634,38,1.0,13000000.0,2025
764,13649,Clay Holmes,1.1951483488082886,32,3.0,12666666.66666667,2025
765,9218,Paul Goldschmidt,1.1147931814193726,37,1.0,12500000.0,2025
766,2396,Carlos Santana,3.0191009044647217,39,1.0,12000000.0,2025
767,14542,Carlos Estévez,1.1562808752059937,32,2.0,11100000.0,2025
768,12572,Blake Treinen,0.9828249216079712,37,2.0,11000000.0,2025
769,18655,A.J. Minter,-0.05372526869177818,31,2.0,11000000.0,2025
770,17432,Jeff Hoffman,2.04223370552063,32,3.0,11000000.0,2025
771,10233,Aroldis Chapman,1.1082288026809692,37,1.0,10750000.0,2025
772,12828,Andrew Kittredge,0.3133000433444977,35,1.0,10000000.0,2025
773,14524,José Leclerc,0.8326812982559204,31,1.0,10000000.0,2025
774,12144,Max Kepler,0.9617677927017212,32,1.0,10000000.0,2025
775,3096,Kenley Jansen,1.42104971408844,37,1.0,10000000.0,2025
776,19447,Patrick Sandoval,1.2468241453170776,28,2.0,9125000.0,2025
777,18383,Michael Soroka,0.38519519567489624,27,1.0,9000000.0,2025
778,16535,Danny Jansen,0.5470748543739319,30,1.0,8500000.0,2025
779,11442,Gary Sánchez,0.34355589747428894,32,1.0,8500000.0,2025
780,16122,Jordan Romano,-0.30863672494888306,32,1.0,8500000.0,2025
781,13152,Jorge Polanco,0.2711794972419739,31,1.0,7750000.0,2025
782,11384,Tommy Kahnle,0.07829085737466812,35,1.0,7750000.0,2025
783,12095,Yimi García,0.39134320616722107,34,2.0,7500000.0,2025
784,13590,Jesse Winker,1.2515116930007935,31,1.0,7500000.0,2025
785,13892,Paul Sewald,0.3498042821884155,35,1.0,7000000.0,2025
786,16977,Trevor Williams,1.9799165725708008,33,2.0,7000000.0,2025
787,14843,Michael Lorenzen,0.7287187576293945,33,1.0,7000000.0,2025
788,5517,Kyle Higashioka,1.554368495941162,35,2.0,6750000.0,2025
789,10472,Enrique Hernández,0.7050151228904724,33,1.0,6500000.0,2025
790,16258,Aaron Bummer,1.0936263799667358,31,2.0,6500000.0,2025
791,18030,Harrison Bader,1.3253334760665894,31,1.0,6250000.0,2025
792,7739,Travis d'Arnaud,1.8408857583999634,36,2.0,6000000.0,2025
793,13145,Josh Bell,-0.14898477494716644,32,1.0,6000000.0,2025
794,13620,Carson Kelly,1.7962260246276855,30,2.0,5750000.0,2025
795,11847,Chris Martin,0.9010557532310486,39,1.0,5500000.0,2025
796,19363,Austin Hays,0.20803378522396088,29,1.0,5000000.0,2025
797,17232,Yoán Moncada,0.27486541867256165,30,1.0,5000000.0,2025
798,10243,Randal Grichuk,1.5431866645812988,33,1.0,5000000.0,2025
799,19753,Jonathan Loáisiga,0.14872078597545624,30,1.0,5000000.0,2025
800,9847,Andrew McCutchen,0.4869418442249298,38,1.0,5000000.0,2025
801,6902,Martín Pérez,0.5275453329086304,34,1.0,5000000.0,2025
802,12317,Colin Rea,0.8552122116088867,34,1.0,5000000.0,2025
803,15947,Ryne Stanek,-0.013597272336483002,33,1.0,4500000.0,2025
804,19867,Griffin Canning,0.21122679114341736,29,1.0,4250000.0,2025
805,sa3012639,Hyeseong Kim,,26,3.0,4166666.66666667,2025
806,2967,Tommy Pham,-0.07741867750883102,37,1.0,4025000.0,2025
807,12976,Austin Hedges,0.4166513681411743,32,1.0,4000000.0,2025
808,16426,Thairo Estrada,0.37707266211509705,29,1.0,4000000.0,2025
809,17128,Ramón Laureano,0.9147014617919922,30,1.0,4000000.0,2025
810,12972,Joe Ross,0.909822404384613,32,1.0,4000000.0,2025
811,8623,Donovan Solano,0.7854867577552795,37,1.0,3500000.0,2025
812,11680,Elias Díaz,0.5190038084983826,34,1.0,3500000.0,2025
813,19734,Josh Rojas,1.8840100765228271,31,1.0,3500000.0,2025
814,14813,Kyle Farmer,0.5485738515853882,34,1.0,3250000.0,2025
815,19349,Caleb Ferguson,0.28629070520401,28,1.0,3000000.0,2025
816,13293,Danny Coulombe,0.5220526456832886,35,1.0,3000000.0,2025
817,14527,Jorge López,0.1961595118045807,32,1.0,3000000.0,2025
818,16814,Tim Hill,0.4949994683265686,35,1.0,2850000.0,2025
819,10078,Caleb Thielbar,0.1866970956325531,38,1.0,2750000.0,2025
820,17696,Kevin Newman,1.4038585424423218,31,1.0,2750000.0,2025
821,13942,Brent Suter,0.20985551178455353,35,1.0,2500000.0,2025
822,13723,Jacob Stallings,0.9423531889915466,35,1.0,2500000.0,2025
823,14993,Scott Barlow,0.03842223808169365,32,1.0,2500000.0,2025
824,12049,Kyle Hendricks,0.3651241660118103,35,1.0,2500000.0,2025
825,13346,Hoby Milner,0.9144208431243896,34,1.0,2500000.0,2025
826,4301,Justin Wilson,0.15076594054698944,37,1.0,2250000.0,2025
827,10681,Gio Urshela,0.7057900428771973,33,1.0,2150000.0,2025
828,12037,Jon Berti,0.2556733191013336,35,1.0,2000000.0,2025
829,15518,Amed Rosario,0.2691499590873718,29,1.0,2000000.0,2025
830,15274,Mike Tauchman,1.0523040294647217,34,1.0,1950000.0,2025
831,3237,T.J. McFarland,0.33921000361442566,36,1.0,1800000.0,2025
832,16153,Austin Slater,-0.14433640241622925,32,1.0,1750000.0,2025
833,15223,Adam Frazier,-0.5838051438331604,33,1.0,1525000.0,2025
834,20521,Nick Madrigal,-0.6846356987953186,28,1.0,1350000.0,2025
835,19274,Jacob Webb,0.6370887160301208,31,1.0,1250000.0,2025
836,12857,Shawn Armstrong,0.6828033924102783,34,1.0,1250000.0,2025
837,12160,Ben Gamel,-0.021597962826490402,33,1.0,1200000.0,2025
838,15042,Tim Mayza,-0.14801181852817535,33,1.0,1150000.0,2025
839,19990,Bryse Wilson,-0.22497497498989105,27,1.0,1050000.0,2025
840,4940,Jason Heyward,0.8306359648704529,35,1.0,1000000.0,2025
841,17982,Ty France,-0.8913246393203735,30,1.0,1000000.0,2025
842,16572,Connor Joe,0.49117904901504517,32,1.0,1000000.0,2025
843,20126,Dylan Carlson,-1.0353723764419556,26,1.0,975000.0,2025
844,19600,Bryan De La Cruz,-1.2373181581497192,28,1.0,860000.0,2025
